의약품명,규격,보험코드,위치
레스타포린점안액0.05%,30,643703441,1 - 1
로시덴겔,1,648500502,1 - 10
한미유리아크림200밀리그램,1,643503743,1 - 10
바이겔크림,1,670700376,1 - 10
오메크린크림,1,000000000,1 - 2
제이티니스타틴시럽,1,000000000,1 - 2
리포직점안겔,1,000000000,1 - 2
주블리아외용액,1,000000000,1 - 3
후시딘연고,1,000000000,1 - 3
올로파점안액,1,645604011,1 - 3
크레오신티외용액1%,1,000000000,1 - 3
에펙신안연고,1,642901291,1 - 3
듀라티얼즈안연고,1,652400042,1 - 3
비가목스점안액0.5%,1,653603081,1 - 3
맥시덱스안연고,1,653603151,1 - 3
베루말액,1,000000000,1 - 3
삼아리도멕스크림,10,645700564,1 - 3
조터나흡입용캡슐110/50마이크로그램,30,653602492,1 - 4
헤르페시드안연고,1,643901821,1 - 4
브로낙점안액,1,650102781,1 - 5
후메토론점안액,1,643702601,1 - 5
안정액,1,000000000,1 - 5
클레신점안액,1,645301791,1 - 5
알파몬피점안액0.15%,1,643703571,1 - 5
산텐미드린피점안액,1,665600241,1 - 5
가티플로점안액,1,652100011,1 - 5
산텐가리유니점안액,1,665600211,1 - 6
잘라탄점안액50㎍/㎖,1,073400141,1 - 6
크라비트점안액,1,665600031,1 - 6
타리비드안연고,1,665600081,1 - 6
코솝점안액,1,665600161,1 - 6
타리비드점안액,1,665600141,1 - 6
크라비트점안액1.5%,1,665600291,1 - 6
데소나크림0.05%,1,671700132,1 - 7
더마톱액0.25%,1,652100151,1 - 7
나이트랄크림,1,641700061,1 - 7
베타베이트연고,1,642800741,1 - 7
데타손연고0.25%,1,643200104,1 - 7
트라보코트크림,1,626700131,1 - 7
엘리델크림1%,1,674900371,1 - 7
에이프로젠무피로신연고,1,645207335,1 - 8
토피솔밀크로션,1,670301775,1 - 8
라벤다크림,1,645203761,1 - 8
에코론크림,1,643501875,1 - 8
프로토픽연고0.03%,1,626700122,1 - 8
프로토픽연고0.1%,1,626700112,1 - 8
에스로반연고,1,644100481,1 - 8
다이보베트연고,1,626700071,1 - 9
더모베이트액,1,650000121,1 - 9
라미실크림1%,1,057200142,1 - 9
다이보넥스연고,1,626700011,1 - 9
라미실크림1%,1,057200141,1 - 9
도네질정10밀리그램,100,643500330,10 - 10
디아미크롱서방정60밀리그램,90,676300120,10 - 10
도네질정5밀리그램,100,643500340,10 - 10
도네질정5밀리그램,30,643500340,10 - 10
디아미크롱서방정,60,676300040,10 - 10
디아미크롱서방정,500,676300040,10 - 10
도네질정10밀리그램,30,643500330,10 - 10
디오살탄정40밀리그램,30,642104090,10 - 10
디엠듀오정10/20밀리그램,100,642005320,10 - 10
데스민정0.1밀리그램,30,653400060,10 - 11
리스페달정1밀리그램,200,646902480,10 - 11
데파킨크로노정500밀리그램,100,652100190,10 - 11
듀로셉톨캡슐30밀리그램,100,657202720,10 - 11
듀로셉톨캡슐30밀리그램,30,657202720,10 - 11
데스민정0.2밀리그램,30,653400070,10 - 11
가스모틴에스알정,300,641606540,10 - 2
가스모틴정5밀리그램,30,641600030,10 - 2
가스모틴에스알정,30,641606540,10 - 2
가스모틴정5밀리그램,500,641600030,10 - 2
가바페닌캡슐300밀리그램,200,643500020,10 - 3
가스트릭캡슐37.5밀리그램,250,645602410,10 - 3
가스트릭캡슐,250,645600030,10 - 3
낙센에스정500/20밀리그램,300,643306760,10 - 3
가바페닌캡슐300밀리그램,30,643500020,10 - 3
낙센에스정500/20밀리그램,30,643306760,10 - 3
낙센정,10,000000000,10 - 3
낙센에프정,30,643300110,10 - 3
가바페닌캡슐100밀리그램,200,643500010,10 - 4
가바페닌캡슐100밀리그램,30,643500010,10 - 4
뉴바스트정10밀리그램,100,643504570,10 - 5
네오마릴정2밀리그램,100,643300150,10 - 5
뉴바스트정40밀리그램,30,643504590,10 - 5
뉴바스트정20밀리그램,100,643504580,10 - 5
네오마릴정1밀리그램,100,643300140,10 - 5
뉴바스트정10밀리그램,30,643504570,10 - 5
뉴로패시드정,100,643300210,10 - 5
뉴부틴서방정,100,644300250,10 - 6
뉴부틴서방정,30,644300250,10 - 6
노자임캡슐10000,100,000000000,10 - 6
나푸롤정,100,642903910,10 - 6
듀카브정30/5밀리그램,300,641906500,10 - 7
디오발탄정80밀리그램,30,645403760,10 - 7
디오발탄정160밀리그램,30,645403800,10 - 7
듀카브정30/5밀리그램,30,641906500,10 - 7
디만틴정20밀리그램,100,642004950,10 - 9
듀카브정60/5밀리그램,30,641906480,10 - 9
디만틴정10밀리그램,100,642003420,10 - 9
디만틴정5밀리그램,100,642004160,10 - 9
듀카브정60/10밀리그램,30,641906470,10 - 9
듀카브정60/5밀리그램,300,641906480,10 - 9
듀카브정30/10밀리그램,30,641906490,10 - 9
데파코트서방정250밀리그램,100,644200080,11 - 1
데파코트서방정500밀리그램,100,644200090,11 - 1
레코미드서방정150밀리그램,300,642105650,11 - 10
리넥신정,300,644702910,11 - 10
디스피드정,30,648500370,11 - 10
레코미드서방정150밀리그램,30,642105650,11 - 10
리넥신서방정,300,644704780,11 - 10
리넥신정,30,644702910,11 - 10
리넥신서방정,30,644704780,11 - 10
국제독시사이클린하이클레이트수화물캡슐100밀리그램,100,643700090,11 - 10
람노스캡슐500밀리그램,90,000000000,11 - 11
디카맥스디정,90,664601180,11 - 11
디카맥스1000정,90,664600460,11 - 11
일양디세텔정,500,641701610,11 - 2
디고신정,1000,640000090,11 - 2
다이크로짇정,1000,642100160,11 - 2
딜라트렌에스알캡슐64밀리그램,30,643305920,11 - 2
일양디세텔정,30,641701610,11 - 2
딜라트렌에스알캡슐64밀리그램,100,643305920,11 - 2
딜라트렌에스알캡슐32밀리그램,100,643306420,11 - 3
딜라트렌에스알캡슐16밀리그램,100,643306410,11 - 3
듀비에정0.5밀리그램,30,643306610,11 - 3
딜라트렌에스알캡슐8밀리그램,100,643306400,11 - 3
레보펙신정250밀리그램,30,642900260,11 - 3
딜라트렌에스알캡슐8밀리그램,30,643306400,11 - 3
레보카신정750밀리그램,30,643703970,11 - 4
레인보우정,300,644000250,11 - 4
유한라푸티딘정10밀리그램,30,642105590,11 - 4
리노에바스텔캡슐,30,641900460,11 - 4
로스탈정100밀리그램,500,648500490,11 - 4
리노에바스텔캡슐,300,641900460,11 - 4
레인보우정,0,644000250,11 - 4
라록스펜정60밀리그램,30,643504350,11 - 5
라코르정60/12.5밀리그램,30,642706180,11 - 5
알보젠레바미피드정,500,652600070,11 - 5
라비시틴정100밀리그램,100,645300290,11 - 5
알보젠레바미피드정,30,652600070,11 - 5
렉사프로정20밀리그람,100,668000050,11 - 6
렉사프로정10밀리그람,100,668000020,11 - 6
로수암핀정10/5밀리그램,30,642105210,11 - 6
로수암핀정5/5밀리그램,30,642105230,11 - 6
로수암핀정20/5밀리그램,30,642105220,11 - 6
리리카캡슐50밀리그램,30,073400240,11 - 7
리리카캡슐25밀리그램,30,073400230,11 - 7
레보틸정,300,649804250,11 - 7
레보틸정,30,649804250,11 - 7
리리카캡슐300밀리그램,30,073400220,11 - 7
리리카CR서방정165밀리그램,30,073400260,11 - 7
레보틸정,100,649804250,11 - 7
리포덱스정600밀리그람/종근당리팜피신정600밀리그람,100,643300600,11 - 8
리포덱스캅셀,500,643300620,11 - 8
레일라정,300,697100230,11 - 8
레가론캡슐140,100,642200220,11 - 8
레가론캡슐70,30,642200210,11 - 8
로벨리토정300/10밀리그램,30,643506880,11 - 9
로벨리토정300/20밀리그램,30,643506890,11 - 9
로벨리토정150/20밀리그램,30,643506670,11 - 9
로벨리토정150/20밀리그램,100,643506670,11 - 9
록스펜정,500,648500640,12 - 1
맥페란정,1000,642701320,12 - 1
메스티논정,100,642800580,12 - 1
사포나딜SR정300밀리그램,100,654005470,12 - 10
삐콤정,1000,000000000,12 - 10
사포나딜SR정300밀리그램,0,654005470,12 - 10
바스티난엠알서방정,60,676300010,12 - 11
바이오탑하이포르테캡슐,100,000000000,12 - 11
바이오탑하이포르테캡슐,30,000000000,12 - 11
비스타치플러스정,300,000000000,12 - 11
유로스칸정,30,648101670,12 - 11
베타록정,30,642100610,12 - 11
바스티난정,1000,676300090,12 - 11
현대미녹시딜정,300,642001290,12 - 11
씬지록신정88마이크로그램,100,664602250,12 - 2
씬지록신정50마이크로그램,100,664600700,12 - 2
동구록시트로마이신정,30,657300530,12 - 2
씬지록신정25마이크로그램,100,664602240,12 - 2
뮤코다인캡슐200mg,500,698501880,12 - 3
미네서플라이정,60,000000000,12 - 3
뮤코론캡슐375밀리그램,500,642200500,12 - 3
스피락톤정50mg,500,671802000,12 - 3
리나치올캡슐375밀리그램,500,642000250,12 - 3
모티리톤정,500,642506570,12 - 4
마그밀정,1000,653700240,12 - 4
실콘정,500,649802240,12 - 4
마그밀정,210,653700240,12 - 4
모티리톤정,30,642506570,12 - 4
실콘정,30,649802240,12 - 4
메섹신캡슐500밀리그램,30,645300540,12 - 4
멜빅스캡슐,100,657301650,12 - 4
마그네스정,100,000000000,12 - 4
미드론정,100,649801760,12 - 5
파마메코발라민정,500,653002990,12 - 5
명도파정25/100밀리그램,100,651905030,12 - 5
뮤코졸정,1000,642200520,12 - 5
메치론정,100,652600730,12 - 5
메디아벤엘정,100,659901070,12 - 6
메녹틸정40밀리그램,100,642701380,12 - 6
몰시톤정4밀리그램,300,620500050,12 - 6
모사메드정5밀리그램,500,645402940,12 - 6
모사피아정,30,647300350,12 - 6
멀타핀정7.5밀리그램,100,642003110,12 - 7
맥스디오정80mg,100,652601720,12 - 7
맥스디오플러스정80/12.5mg,100,652601740,12 - 7
맥스디오정160mg,100,652601710,12 - 7
멀타핀정30밀리그램,30,642003100,12 - 7
멀타핀정15밀리그램,100,642003090,12 - 7
맥스디스정,90,647204250,12 - 7
맥스디오정160mg,30,652601710,12 - 7
멀타핀정30밀리그램,100,642003100,12 - 7
멀타핀정15밀리그램,30,642003090,12 - 7
베이슨정0.2밀리그램,90,640000520,12 - 8
아마릴정1밀리그람,100,652100790,12 - 8
바이버정200밀리그램,30,643501110,12 - 8
아마릴정1밀리그람,30,652100790,12 - 8
발시버정500밀리그램,30,643505850,12 - 8
부스론정5밀리그램10밀리그램,300,642201100,12 - 8
부스론정5밀리그램10밀리그램,100,642201110,12 - 8
바이버크림,1,643501121,12 - 8
베이슨정0.3밀리그램,300,640000530,12 - 8
베이슨정0.3밀리그램,90,640000530,12 - 8
베니톨정,30,641801640,12 - 9
보나링에이정,500,641700560,12 - 9
베니톨정,500,641801640,12 - 9
베포탄정,300,653402760,12 - 9
브로피딘정,500,649801930,12 - 9
비맥스액티브정,60,000000000,12 - 9
비맥스골드정,60,000000000,12 - 9
베포탄정,30,653402760,12 - 9
베니톨정,90,641801640,12 - 9
비맥스메타정,60,000000000,12 - 9
마그비맥스연질캡슐,60,000000000,12 - 9
비맥스메타비정,60,000000000,12 - 9
구주스피로닥톤정,300,669800160,13 - 1
썰타목스정500mg,30,652601000,13 - 1
소멕스정,30,693900070,13 - 1
소멕스정,0,693900070,13 - 1
아모잘탄플러스정5/50/12.5밀리그램,30,643507800,13 - 10
아모잘탄플러스정5/100/12.5밀리그램,30,643507790,13 - 10
씨투스정50mg,300,645702760,13 - 10
아모잘탄플러스정5/100/25밀리그램,30,643507780,13 - 10
씨투스정50mg,56,645702760,13 - 10
에어페낙듀오정,100,657308700,13 - 10
유크리드정250/80밀리그램,300,644501280,13 - 10
씨투스츄정74.2밀리그램,60,645702920,13 - 10
씨투스츄정53.0밀리그램,60,645702910,13 - 10
에어페낙듀오정,30,657308700,13 - 10
올데카캡슐15밀리그램,100,645400810,13 - 11
아프로벨정300밀리그램,30,652100880,13 - 11
올데카캡슐10밀리그램,30,645400800,13 - 11
올데카캡슐15밀리그램,30,645400810,13 - 11
올데카캡슐10밀리그램,100,645400800,13 - 11
엘제로젯정2/10밀리그램,30,641908270,13 - 11
한미세프라딘캡슐500밀리그램,300,643503600,13 - 12
슈다페드정,500,643900710,13 - 12
씨앤유캡슐,100,649804410,13 - 12
셀트라정50밀리그램,300,643501290,13 - 12
세파메칠정,500,645601100,13 - 12
씨앤유캡슐,500,649804410,13 - 12
셀트라정50밀리그램,30,643501290,13 - 12
씨앤유캡슐,30,649804410,13 - 12
셉트린정,500,643900680,13 - 12
소론도정,1000,642105020,13 - 2
스피로자이드정,30,000000000,13 - 2
스피로자이드정,200,000000000,13 - 2
대화산화마그네슘정,1000,645604820,13 - 2
반코진캡슐250밀리그램,30,644301290,13 - 2
에어탈정,30,641601920,13 - 2
아세타졸정,100,645304940,13 - 2
삼천당산화마그네슘정250밀리그람,1000,651200740,13 - 2
제일스파게린정,0,645401240,13 - 2
씨베리움캡슐,100,646902590,13 - 3
빔스크정150밀리그램,30,644704430,13 - 3
빔스크정50밀리그램,30,644704450,13 - 3
빔스크정100밀리그램,30,644704420,13 - 3
신바로정,240,643605030,13 - 3
싸이타민정,60,000000000,13 - 3
신바로정,240,671807940,13 - 3
빔스크정200밀리그램,30,644704440,13 - 3
사포디필SR정300밀리그램,100,652604020,13 - 4
사미온정10밀리그램,100,642900680,13 - 4
사미온정10밀리그램,500,642900680,13 - 4
사미온정,100,642900670,13 - 4
사미온정30밀리그램,100,642900690,13 - 4
센시발정25밀리그램,300,655400780,13 - 4
살로탄정100밀리그램,30,643304570,13 - 5
살로탄정50밀리그램,30,643301180,13 - 5
살로탄플러스에프정,30,643301190,13 - 5
살로탄플러스정,30,643301200,13 - 5
씬지로이드정0.075밀리그램,100,642204180,13 - 6
씬지로이드정0.112밀리그램,100,642204370,13 - 6
씬지로이드정0.0375밀리그램,100,642204410,13 - 6
씬지로이드정0.1밀리그램,100,642201340,13 - 6
씬지로이드정0.05밀리그램,100,642201350,13 - 6
씬지로이드정0.15밀리그램,100,642201360,13 - 6
시그마트정5밀리그램,500,644902890,13 - 7
스토가정10밀리그램,300,641902670,13 - 7
시그마트정5밀리그램,100,644902890,13 - 7
시그마트정5밀리그램,30,644902890,13 - 7
스타브론정,300,645400610,13 - 8
실타졸정50밀리그램,300,643501440,13 - 8
심바로드정20밀리그램,100,643301480,13 - 8
쏘메토320밀리그램연질캡슐,90,659900100,13 - 8
심바로드정40밀리그램,30,643301490,13 - 8
심바로드정20밀리그램,30,643301480,13 - 8
스파부틴정100밀리그램,300,643501350,13 - 8
소말겐정,100,652600250,13 - 8
심바로드정40밀리그램,100,643301490,13 - 8
씨록정,30,644301980,13 - 8
올로스타정40/20밀리그램,30,641605710,13 - 9
올로스타정20/10밀리그램,30,641605690,13 - 9
올로스타정20/20밀리그램,30,641605700,13 - 9
올로스타정10/5밀리그램,30,641606160,13 - 9
싸이타민플러스정,60,000000000,13 - 9
올로스타정20/5밀리그램,30,641605770,13 - 9
올로스타정10/10밀리그램,30,641606170,13 - 9
세자르플러스정,30,644000980,14 - 1
아디팜정,1000,644801160,14 - 1
삼익세파클러서방정375밀리그람,30,644000680,14 - 1
이소탄정,500,645301380,14 - 10
이모튼캡슐,30,643302280,14 - 10
아질렉트정,30,668000100,14 - 10
부광아젭틴정,200,642200800,14 - 10
이모튼캡슐,90,643302280,14 - 10
이무테라정,100,693903430,14 - 10
원트란서방정,100,671805340,14 - 11
앤지비드서방정40mg,500,670300920,14 - 11
원트란세미서방정,100,671805560,14 - 11
움카민정·말토덱스트린혼합물,100,651601630,14 - 11
에도파벨정1밀리그램,30,643308440,14 - 11
아라바정10밀리그램,30,652000290,14 - 2
아라바정20밀리그램,30,652000300,14 - 2
암브로콜정,300,643501840,14 - 2
아스피린프로텍트정100밀리그람,1500,641100270,14 - 2
아스피린프로텍트정100밀리그람,98,641100270,14 - 2
삼익아스피린장용정,1000,644003280,14 - 2
유로시트라케이10mEq서방정,90,659900170,14 - 2
유로시트라케이10mEq서방정,30,659900170,14 - 2
보령바이오아스트릭스캡슐100밀리그램,500,670500540,14 - 3
한미아스피린장용정100밀리그램,500,643503630,14 - 3
엘로톤정,300,642000870,14 - 3
액시마정,200,642201540,14 - 3
유한짓정100mg,1000,642101930,14 - 3
한미아스피린장용정100밀리그램,100,643503630,14 - 3
액시마정,30,642201540,14 - 3
아나그레캡슐1밀리그램,100,642105260,14 - 3
명인아미트리프틸린염산염정10밀리그램,1000,651900720,14 - 3
엘로톤정20밀리그램,300,642000870,14 - 3
아트놀셋정,500,698500770,14 - 4
아트놀셋세미정,500,698500760,14 - 4
아트놀셋세미정,30,698500760,14 - 4
아토르바정20밀리그램,100,642100990,14 - 4
유파시딘에스정,500,643306390,14 - 4
아토르바정10밀리그램,100,642100980,14 - 4
아모잘탄정5/50밀리그램,30,643504680,14 - 5
아모잘탄정5/50밀리그램,300,643504680,14 - 5
아모잘탄정10/50밀리그램,30,643505670,14 - 5
아모잘탄정5/100밀리그램,300,643504690,14 - 5
아모잘탄정5/100밀리그램,30,643504690,14 - 5
알레스틴정,100,657302650,14 - 5
가베스판연질캡슐,300,645200020,14 - 5
에소메졸캡슐20밀리그램,100,643504310,14 - 6
엘도란트캡슐,100,643301960,14 - 6
이소트릴지속정60밀리그람,500,670301150,14 - 6
에소메졸캡슐40밀리그램,100,643501850,14 - 6
에소메졸캡슐40밀리그램,30,643501850,14 - 6
안플라그정100밀리그램,100,642101050,14 - 6
에소메졸캡슐20밀리그램,30,643504310,14 - 6
온젠티스캡슐50밀리그램,30,644704770,14 - 7
올메텍정20밀리그램,300,641602000,14 - 7
올메텍정20밀리그램,30,641602000,14 - 7
올메텍플러스정20/12.5밀리그램,300,641602020,14 - 7
올메텍플러스정20/12.5밀리그램,30,641602020,14 - 7
올로맥스정20/5/10밀리그램,30,641606760,14 - 8
알말정10밀리그램,120,640002870,14 - 8
알말정5밀리그램,120,640002860,14 - 8
올로맥스정40/5/10밀리그램,30,641607190,14 - 8
올로맥스정20/5/5밀리그램,30,641606750,14 - 8
액티피드정,60,000000000,14 - 8
액티피드정,10,000000000,14 - 8
올로맥스정40/5/5밀리그램,30,641607220,14 - 8
에드파정5밀리그램,100,645305630,14 - 9
안티로이드정,100,642201490,14 - 9
유디온캡슐,300,645605000,14 - 9
유디온캡슐,30,645605000,14 - 9
에드파정10밀리그램,100,645304650,14 - 9
에드파정20밀리그램,100,645305060,14 - 9
아세틸론정,300,645604400,14 - 9
오엠피정20밀리그램,28,643302040,14 - 9
오르필서방정300밀리그램,500,642201710,15 - 1
인데놀정10mg,1000,645902470,15 - 1
인데놀정40mg,1000,645902480,15 - 1
오르필서방정300밀리그램,30,642201710,15 - 1
데놀정,60,643600900,15 - 1
올멕정10밀리그램,30,644913280,15 - 2
올멕정20밀리그램,30,644913290,15 - 2
리리카캡슐150밀리그램,30,073400210,16 - 1
리리카캡슐75밀리그램,30,073400200,16 - 1
오르필서방정600밀리그램,500,642201720,17 - 1
오르필서방정600밀리그램,30,642201720,17 - 1
스티렌투엑스정,30,642507290,17 - 1
아목사펜캡슐,1000,643301670,17 - 2
종근당아목시실린캡슐500밀리그램,500,643303130,17 - 2
대화이부프로펜정400밀리그램,1000,645600420,17 - 3
삼남아세트아미노펜정,1000,653700510,17 - 3
액피오정15밀리그램,30,642101210,17 - 4
에이자트씨알정12.5밀리그램,30,640004900,17 - 4
에이자트씨알정25밀리그램,30,640004890,17 - 4
스티렌정,30,642502290,17 - 4
이소티논연질캡슐10밀리그램 ,100,643502190,18 - 1
졸로푸트정50밀리그람,30,073400310,18 - 2
아리셉트에비스정10밀리그램,30,652105790,18 - 2
졸로푸트정100밀리그램,30,073400320,18 - 2
아리셉트에비스정5밀리그램,30,652105780,18 - 2
지노칼정,100,653701180,18 - 3
아마릴-멕스서방정2/500밀리그램,30,652103870,18 - 3
아마릴엠정2/500밀리그람,200,652100840,18 - 3
지노칼정,500,653701180,18 - 3
제미메트서방정50/1000밀리그램,56,668902910,18 - 4
제미메트서방정50/500밀리그램,100,668902990,18 - 4
제미메트서방정50/1000밀리그램,100,668902910,18 - 4
제미메트서방정50/500밀리그램,56,668902990,18 - 4
제미메트서방정25/500밀리그램,56,668902580,18 - 4
제미메트서방정25/1000밀리그램,56,668903060,18 - 4
자누메트정50/1000밀리그램,56,655500650,18 - 5
자누메트정50/500밀리그램,56,655500640,18 - 5
자누메트정50/850밀리그램,56,655500760,18 - 5
자누메트정50/850밀리그램,56,643309620,18 - 5
자누메트정50/500밀리그램,56,643309600,18 - 5
자누메트정50/1000밀리그램,56,643309610,18 - 5
자누메트엑스알서방정50/500밀리그램,56,655501780,18 - 6
자누메트엑스알서방정50/1000밀리그램,56,655501790,18 - 6
자누메트엑스알서방정100/1000밀리그램,28,655501800,18 - 6
자디앙듀오정5/500밀리그램,60,653501540,18 - 7
자디앙듀오정5/850밀리그램,60,653501550,18 - 7
자디앙듀오정5/1000밀리그램,60,653501500,18 - 7
자디앙듀오정12.5/500밀리그램,60,653501530,18 - 8
자디앙듀오정12.5/850밀리그램,60,653501510,18 - 8
액피오정30밀리그램,30,642103080,18 - 9
자디앙듀오정12.5/1000밀리그램,60,653501520,18 - 9
액토스메트정15/850밀리그램,56,693903660,18 - 9
액토스메트정15/850밀리그램,28,693903990,18 - 9
타스나정,1000,000000000,18.5 - 1
트라듀오서방정5/1000밀리그램,30,058801240,18.5 - 1
트라듀오서방정5/1000밀리그램,30,642106210,18.5 - 1
코다론정,30,652101250,18.5 - 2
코스카정25밀리그램,30,644704880,18.5 - 2
페노웰정145밀리그램,30,642105630,18.5 - 2
코스카정25밀리그램,300,644704880,18.5 - 2
타미트라정,30,644002040,19 - 1
티프리드정,100,657303550,19 - 2
트리티코정25밀리그람,500,643702360,19 - 2
토피라정25밀리그램,300,643502970,19 - 2
토피라정100밀리그램,300,643502960,19 - 2
트리티코정50밀리그람,500,643702370,19 - 2
토바스트정10밀리그램,30,643504090,19 - 2
토바스트정20밀리그램,30,643503650,19 - 2
토바스트정10밀리그램,300,643504090,19 - 2
토바스트정20밀리그램,300,643503650,19 - 2
콩브럭정1.25밀리그램,500,620500120,19 - 3
트레스탄캡슐,60,000000000,19 - 3
카발린캡슐50밀리그램,100,640007130,19 - 3
카발린캡슐25밀리그램,30,640007120,19 - 3
카발린캡슐50밀리그램,30,640007130,19 - 3
카발린캡슐25밀리그램,100,640007120,19 - 3
콩브럭정10밀리그램,300,620500150,19 - 3
트레스탄캡슐,20,000000000,19 - 3
타미린서방정24밀리그램,100,642001120,19 - 4
타미린서방정16밀리그램,100,642001930,19 - 4
트리테이스정5밀리그람,100,652101430,19 - 4
트리테이스정2.5밀리그람,100,652101420,19 - 4
타미린서방정8밀리그램,100,642001920,19 - 4
트리돌서방정,100,642102480,19 - 4
테넬리아정20밀리그램,60,652105050,19 - 5
트리돌캡슐50mg,0,642102520,19 - 5
신일티아민염산염정10밀리그램,1000,653801460,19 - 6
래피손정,500,670300260,19 - 6
래피손정,30,670300260,19 - 6
글리아타민정,90,694000670,2 - 1
글리아타민시럽,30,694002261,2 - 1
레보카신점안액,30,643704551,2 - 1
글리아타민연질캡슐,90,694000600,2 - 1
글리아타민정,0,694000670,2 - 1
레보카신점안액,1,643703521,2 - 1
도르티솝에스점안액,30,643703771,2 - 2
노르믹스정,36,659700020,2 - 2
글리벡필름코팅정100밀리그램,60,653600010,2 - 2
프로기노바28정2밀리그램,28,641100900,2 - 3
페모스톤콘티정,28,644206590,2 - 3
환인이미프라민염산염정25밀리그램,300,657201050,2 - 3
페모스톤정2/10,28,644206580,2 - 3
가드렛정100mg,60,644913980,2 - 3
프로기노바28정1밀리그램,28,641100890,2 - 3
종근당글리아티린연질캡슐,90,643301790,2 - 4
탑픽스정1밀리그램,28,000000000,2 - 4
탑픽스정0.5mg,11,000000000,2 - 4
종근당글리아티린연질캡슐,0,643301790,2 - 4
탑픽스정0.5밀리그램,11,000000000,2 - 4
티어린프리점안액,60,674101161,2 - 5
로푸록스네일라카,1,652100271,2 - 5
네시나정12.5밀리그램,100,693903610,2 - 6
네시나정25밀리그램,100,693903620,2 - 6
케토핀프리점안액,30,674101241,2 - 6
노바스크정5밀리그람,30,073400360,2 - 6
노바스크정5밀리그람,500,073400360,2 - 6
네시나정12.5밀리그램,100,693903780,2 - 6
네시나정25밀리그램,100,693903790,2 - 6
네시나정25밀리그램,30,693903790,2 - 6
듀락칸이지시럽,20,644913501,2 - 7
박사르정4밀리그램,28,650001970,2 - 7
박사르정2밀리그램,28,650001980,2 - 7
박사르정6밀리그램,28,650000380,2 - 7
리비알정,28,073100370,2 - 8
노보넘정1.0밀리그람,90,654400040,2 - 8
노보넘정2.0밀리그람,90,654400050,2 - 8
글루코바이정50밀리그람,90,652100050,2 - 8
글루코바이정100밀리그람,90,652100060,2 - 8
기넥신에프정240밀리그램,30,000000000,2 - 9
기넥신에프정,300,644700130,2 - 9
구구탐스캡슐,30,000000000,2 - 9
다이악센크림,1,664600371,2 - 9
구구탐스캡슐,0,000000000,2 - 9
테올란비서방캡슐100밀리그램,200,652601360,20 - 1
테올란비서방캡슐200밀리그램,200,652601370,20 - 1
프라바페닉스캡슐,30,648204690,20 - 1
포리부틴서방정,30,643901630,20 - 1
프로막정500밀리그램,30,651902390,20 - 1
프로맥정,500,644704030,20 - 2
프렉스정10밀리그램,500,644304560,20 - 2
명인페니토인정100밀리그램,1000,651900910,20 - 2
플라빅스정75밀리그램,100,652101570,20 - 3
텔미누보정40/2.5밀리그램,30,643306520,20 - 3
플라빅스에이정,30,652000960,20 - 3
텔미누보정40/5밀리그램,30,643306530,20 - 3
플라빅스정75밀리그램,30,652101570,20 - 3
프레발린캡슐75밀리그램,300,643506070,20 - 4
프레발린캡슐75밀리그램,30,643506070,20 - 4
텔미누보정80/5밀리그램,30,643307290,20 - 4
프레발린캡슐150밀리그램,30,643506060,20 - 4
프레발린캡슐300밀리그램,30,643507110,20 - 4
텔미누보정80/2.5밀리그램,30,643306540,20 - 4
프레발린캡슐150밀리그램,300,643506060,20 - 4
퍼킨정25-100mg,200,651902260,20 - 5
한미탐스캡슐0.4밀리그램,30,643507490,20 - 5
한미탐스캡슐0.2밀리그램,30,643502810,20 - 5
한미탐스캡슐0.4밀리그램,300,643507490,20 - 5
한미탐스캡슐0.2밀리그램,300,643502810,20 - 5
한미탐스오디정0.4밀리그램,30,643508150,20 - 5
탐루신디서방정,30,670607510,20 - 5
퍼킨정25-250mg,200,651902270,20 - 5
타나민정80밀리그램,60,644501140,20 - 5
페노시드캡슐,300,643506410,20 - 6
페노시드캡슐,30,643506410,20 - 6
포독스정,100,643304000,20 - 6
프라스탄정40밀리그람,300,642401690,20 - 6
프라스탄정10밀리그람,100,642401670,20 - 6
프라스탄정40밀리그람,100,642401690,20 - 6
피디펙솔정0.5밀리그램,100,651905090,20 - 7
피디펙솔정1밀리그램,100,651905080,20 - 7
피디펙솔정0.25밀리그램,100,651905070,20 - 7
피디펙솔정0.125밀리그램,100,651905060,20 - 7
트리렙탈필름코팅정300밀리그램,100,653601150,20 - 8
트리렙탈필름코팅정600밀리그램,100,653601160,20 - 8
아보다트연질캡슐0.5밀리그램,30,650000780,21 - 1
피도글정75밀리그램,30,643504050,21 - 1
팍실CR정12.5밀리그램,30,650001330,21 - 10
프로페시아정1밀리그램,84,000000000,21 - 10
플라비톨정,30,642503760,21 - 2
파로세닌정20밀리그램,30,643303830,21 - 2
플라비톨정,100,642503760,21 - 2
펙소나딘정30밀리그램,30,643503290,21 - 2
펙소나딘정30밀리그램,0,643503290,21 - 2
파로세닌정10밀리그램,0,643303820,21 - 2
프로코라란정5밀리그램,56,676300100,21 - 3
프레탈서방캡슐,500,649900280,21 - 3
신일폴산정,1000,653801510,21 - 3
팜시버정250밀리그램,30,643503230,21 - 3
팜시버정750밀리그램,30,643503240,21 - 3
필로겐정,100,669500950,21 - 3
페니라민정,1000,642102570,21 - 3
펙소스타정40밀리그램,30,643507410,21 - 4
펙소스타정40밀리그램,300,643507410,21 - 4
펠루비정,300,671803380,21 - 4
펠루비서방정,500,671805860,21 - 4
피케이멜즈정,100,651600780,21 - 4
펙소스타정80밀리그램,30,643507430,21 - 4
페브릭정40밀리그램,100,644704010,21 - 5
페브릭정80밀리그램,30,644703300,21 - 5
펙수클루정40밀리그램,300,641607630,21 - 5
페브릭정40밀리그램,30,644704010,21 - 5
프로이머정,500,670701220,21 - 5
펜넬캡슐,500,652300700,21 - 5
페브릭정80밀리그램,100,644703300,21 - 5
펙수클루정40밀리그램,100,641607630,21 - 5
펜넬캡슐,90,652300700,21 - 5
펜넬캡슐,100,652300700,21 - 5
탑스타틴정10밀리그램,30,645603790,21 - 6
플리바스정75mg,300,642506520,21 - 6
플리바스정75mg,30,642506520,21 - 6
탑스타틴정20밀리그램,30,645603800,21 - 6
판테온정20밀리그람,100,652601430,21 - 7
신일피리독신정,500,653801720,21 - 7
플리바스정50mg,30,642506510,21 - 7
플리바스정50mg,300,642506510,21 - 7
판테온정40밀리그람,28,652601440,21 - 7
펙소나딘정120밀리그램,300,643503280,21 - 8
펙소나딘정120밀리그램,30,643503280,21 - 8
펙소나딘정180밀리그램,30,643503270,21 - 8
펙소나딘정180밀리그램,300,643503270,21 - 8
카마졸크림,1,652601262,21 - 9
실마진1%크림,1,642702132,21 - 9
후루덱스서방정,90,676300080,22 - 1
하이드린캡슐500밀리그램,100,644304790,22 - 1
후라시닐정,500,640002760,22 - 1
후나졸캡슐50밀리그램,3,643503980,22 - 1
후로스판디정,500,645604690,22 - 2
후로스판정,500,645602250,22 - 2
할록신정200밀리그램,300,645303050,22 - 3
하이네콜정,200,641702570,22 - 3
할록신정,300,645303040,22 - 3
일양하이트린정5밀리그램,30,641702020,22 - 3
일양하이트린정2밀리그램,30,641702010,22 - 3
일성호이판정,100,655401790,22 - 4
탑스타틴에프정10/5밀리그램,30,645604720,22 - 4
탑스타틴에프정10/20밀리그램,30,645604710,22 - 4
탑스타틴에프정10/10밀리그램,30,645604700,22 - 4
훼로바-유서방정,30,642202450,22 - 4
훼로바-유서방정,200,642202450,22 - 4
가브스메트정50/1000밀리그램,60,653601430,3 - 1
가브스메트정50/500밀리그램,60,653602300,3 - 1
가브스메트정50/850밀리그램,60,653601420,3 - 1
레티움정500밀리그램,30,643705160,3 - 1
네시나액트정25/15밀리그램,100,693903640,3 - 1
니코피온서방정150밀리그램,60,643504100,3 - 1
리피로우정80mg,30,643304640,3 - 1
가브스정50밀리그램,28,653601350,3 - 1
네시나액트정25/15밀리그램,100,693903820,3 - 1
리피로우정80밀리그램,30,643304640,3 - 1
레티움정500밀리그램,90,643705160,3 - 1
네시나액트정25/15밀리그램,30,693903820,3 - 1
고덱스캡슐,100,693900080,3 - 2
고덱스캡슐,300,693900080,3 - 2
넥시움정20밀리그람,14,650700070,3 - 2
넥시움정40밀리그람,14,650700080,3 - 2
리피토정40밀리그램,28,073400350,3 - 3
리피토정20밀리그램,90,073400330,3 - 3
리피토정10밀리그램,90,073400340,3 - 3
리피토정10밀리그램,28,073400340,3 - 3
리피토정20밀리그램,28,073400330,3 - 3
듀카로정60/5/5밀리그램,30,641907350,3 - 4
듀카로정30/5/10밀리그램,30,641907380,3 - 4
듀카로정30/5/5밀리그램,30,641907390,3 - 4
듀카로정60/5/10밀리그램,30,641907360,3 - 4
몬테잘정10밀리그램,30,643506000,30 - 1
부루펜정200밀리그램,500,643900470,30 - 1
모록사신정400밀리그램,30,643506700,30 - 2
폴락스산,10,000000000,30 - 2
지스로맥스정250밀리그람,30,648900880,30 - 2
마그비연질캡슐,60,000000000,30 - 2
마그비액티브정,60,000000000,30 - 2
베아세프정250밀리그람,100,694000040,30 - 3
안탁스캡슐,30,654001270,30 - 3
네비레트엠정2.5밀리그램,300,641806960,30 - 3
네비레트엠정1.25밀리그램,300,641806970,30 - 3
푸라칸정150밀리그람,30,649803490,30 - 3
삼남로페라마이드캡슐,500,653700440,30 - 3
듀오락스정,100,000000000,30 - 3
듀오락스정,0,000000000,30 - 3
모누롤산,1,659900061,31 - 1
훌그램캡슐,100,647802750,31 - 1
유로박솜캡슐,30,654001440,31 - 2
유로박솜캡슐,90,654001440,31 - 2
타리무스캡슐0.5밀리그램,50,643504300,31 - 2
타리무스캡슐1밀리그램,100,643502740,31 - 2
에보프림연질캡슐,100,664600720,31 - 2
소아용에보프림연질캡슐,30,664600650,31 - 2
에리우스정,30,073100180,31 - 3
몬테리진캡슐,30,643507760,32 - 1
엔테론정150밀리그램,300,645301210,32 - 2
엔테론정150밀리그램,60,645301210,32 - 2
엔테론정50밀리그램,500,645301200,32 - 2
엔테론정50밀리그램,90,645301200,32 - 2
칸데모어정16밀리그램,100,643305140,32 - 3
칸데모어정8밀리그램,100,643304840,32 - 3
클로자릴정25밀리그램,50,657203410,32 - 3
칸데모어정8밀리그램,30,643304840,32 - 3
티에스원캡슐25,56,645401940,32 - 3
칸데모어정16밀리그램,30,643305140,32 - 3
이리스탑정5마이크로그램,100,659902030,32 - 3
판토록정40밀리그램,30,696300060,32 - 4
판토록정20밀리그램,30,696300050,32 - 4
노플라그정,100,645600100,32 - 4
클로피도정,100,645603940,32 - 4
클로피도정,30,645603940,32 - 4
에소피드정40/600밀리그램,28,642105680,32 - 5
콕스렌캡슐,30,645604490,32 - 5
이토벨정,300,643304510,32 - 5
콕스렌캡슐,100,645604490,32 - 5
에소피드정20/600밀리그램,28,642105670,32 - 5
이토벨정,30,643304510,32 - 5
이토벨정,0,643304510,32 - 5
한미오메가연질캡슐1000밀리그램,60,643507130,32 - 6
아토메가연질캡슐5/1000mg,80,646803190,32 - 6
뉴마코알연질캡슐,100,644503220,32 - 6
베믈리디정,30,625900120,32 - 7
텔로스톱정80/20밀리그램,30,642905490,32 - 7
텔로스톱정40/20밀리그램,30,642905510,32 - 7
텔로스톱정40/10밀리그램,30,642905480,32 - 7
텔로스톱정40/5밀리그램,30,642905520,32 - 7
텔로스톱정80/10밀리그램,30,642905500,32 - 7
텔로스톱정80/5밀리그램,30,642905530,32 - 7
투탑스플러스정40/5/12.5밀리그램,30,642905850,33 - 1
투탑스플러스정80/5/12.5밀리그램,30,642905830,33 - 1
투탑스플러스정80/10/12.5밀리그램,30,642905840,33 - 1
팩티브정320밀리그램,5,668901110,33 - 2
팩티브정320밀리그램,30,668901110,33 - 2
리바로정4밀리그램,100,644913470,33 - 3
리바로정2밀리그램,100,644900800,33 - 3
아모디핀정5밀리그램,300,643501600,33 - 3
아모디핀정5밀리그램,30,643501600,33 - 3
라식스정,500,652100200,33 - 3
리바로정2밀리그램,30,644900800,33 - 3
라식스정,100,652100200,33 - 3
리바로정4밀리그램,30,644913470,33 - 3
아리셉트정5밀리그램,30,652105760,33 - 4
쎄레브렉스캡슐100밀리그램,30,073400290,33 - 4
아리셉트정5밀리그램,100,652105760,33 - 4
아리셉트정10밀리그램,100,652105770,33 - 4
쎄레브렉스캡슐100밀리그램,100,073400290,33 - 4
아리셉트정10밀리그램,30,652105770,33 - 4
하이드라섹캡슐100mg,10,000000000,33 - 5
란스톤엘에프디티정15밀리그램,100,696300120,33 - 5
애니디핀정,300,643301800,33 - 5
유한메토트렉세이트정,100,642101470,33 - 5
란스톤엘에프디티정30밀리그램,100,696300130,33 - 5
마이암부톨제피정400밀리그램,100,642100440,33 - 5
애니디핀정,30,643301800,33 - 5
이스미젠설하정,30,000000000,33 - 5
에스원엠프정20mg,28,671805710,33 - 5
트렐리지엘립타,1,650003141,33 - 6
렐바100엘립타,1,650002940,33 - 6
오마코연질캡슐,100,646801100,33 - 6
듀오웰정40/10밀리그램,30,642104560,33 - 6
듀오웰정80/10밀리그램,30,642104590,33 - 6
듀오웰정40/20밀리그램,30,642104570,33 - 6
듀오웰정80/5밀리그램,30,642104610,33 - 6
듀오웰정80/20밀리그램,30,642104580,33 - 6
듀오웰정40/5밀리그램,30,642104620,33 - 6
포스터넥스트할러,1,670304051,34 - 1
바라크루드정0.5밀리그램,30,658700100,34 - 1
텔로스톱플러스정40/5/10밀리그램,30,642906000,34 - 1
텔로스톱플러스정80/5/10밀리그램,30,642905980,34 - 1
텔로스톱플러스정80/5/5밀리그램,30,642905990,34 - 1
텔로스톱플러스정40/5/5밀리그램,30,642906010,34 - 1
렐바200엘립타,1,650002930,34 - 2
오베스틴질좌제,15,652105270,34 - 2
아뉴이티100엘립타,1,650003121,34 - 2
이달비클로정40/12.5밀리그램,28,693903890,34 - 3
이달비정40밀리그램,28,693903710,34 - 3
이달비정80밀리그램,28,693903720,34 - 3
이달비정80밀리그램,28,693903550,34 - 3
에소듀오정40/800밀리그램,30,643308450,34 - 3
아노로62.5엘립타,1,650002960,34 - 4
우루사정200밀리그램,500,641602060,34 - 4
우루사정200밀리그램,100,641602060,34 - 4
에소듀오정20/800밀리그램,300,643308040,34 - 4
에소듀오정20/800밀리그램,30,643308040,34 - 4
타겐에프연질캡슐,90,643702200,34 - 5
미카르디스정40밀리그램,30,653500340,34 - 5
비리어드정,30,625900040,34 - 5
프라닥사캡슐110밀리그램,60,653501340,34 - 5
미카르디스정80밀리그램,30,653500350,34 - 5
프라닥사캡슐150밀리그램,60,653501350,34 - 5
센티렉스실버어드밴스정,30,000000000,35 - 2
센티렉스어드밴스정,30,000000000,35 - 2
심비코트터부헬러160/4.5마이크로그램,1,650700271,35 - 3
아바미스나잘스프레이,1,650001831,35 - 3
바헬바레스피맷,1,653501493,35 - 3
딜라스틴나잘스프레이,1,642204311,35 - 3
바헬바레스피맷,1,653501492,35 - 3
심비코트터부헬러160/4.5마이크로그램,1,650700251,35 - 3
벤토린에보할러,1,650000471,35 - 4
리노벤트비액,1,645300461,35 - 4
니트로링구알스프레이,1,685800141,35 - 4
스피리바레스피맷,1,653500862,35 - 4
스피리바레스피맷,1,653500863,35 - 4
심비코트라피헬러160/4.5마이크로그램,1,650700950,35 - 5
나자케어나잘스프레이액,1,642104881,35 - 5
나조넥스나잘스프레이,1,073100051,35 - 5
인크루즈엘립타,1,650003051,35 - 5
레바아이점안액2%,60,643705491,35 - 5
트윈스타정80/5밀리그램,30,653501280,35 - 6
트윈스타정40/5밀리그램,30,653501270,35 - 6
프리토플러스정80/12.5밀리그램,30,641806580,35 - 6
프리토플러스정40/12.5밀리그램,30,641806590,35 - 6
테넬리아엠서방정20/1000밀리그램,30,652105480,35 - 7
테넬리아엠서방정10/750밀리그램,30,652105470,35 - 7
테넬리아엠서방정10/500밀리그램,30,652105460,35 - 7
리트모놈SR서방캡슐325밀리그램,50,644206330,4 - 1
리큅피디정4밀리그램,28,650001860,4 - 1
리큅피디정2밀리그램,28,650001850,4 - 1
콜리네이트연질캡슐400밀리그램,90,643502600,4 - 2
네오마릴엠정1/500밀리그램,30,643306230,4 - 2
네비레트정,30,674900520,4 - 2
네오마릴엠정2/500밀리그램,30,643306130,4 - 2
둘코락스좌약,5,074200080,4 - 2
딜라트렌정6.25mg,100,643300370,4 - 3
딜라트렌정3.125mg,100,643306090,4 - 3
딜라트렌정12.5mg,100,643300380,4 - 3
덱실란트디알캡슐30밀리그램,60,696300170,4 - 3
딜라트렌정25mg,100,643300390,4 - 3
디오반필름코팅정40밀리그램,28,653600200,4 - 3
디오반필름코팅정160밀리그램,98,653600180,4 - 3
다이아벡스엑스알서방정,60,641600360,4 - 4
다이아벡스엑스알서방정1000밀리그램,60,641604640,4 - 4
닥사스정500마이크로그램,30,650701060,4 - 4
독사존엑스엘서방정4밀리그램,30,643500350,4 - 4
독사존엑스엘서방정4밀리그램,100,643500350,4 - 4
로수바미브정10/10밀리그램,100,642104820,4 - 5
로수바미브정10/10밀리그램,30,642104820,4 - 5
듀카브플러스정60/5/12.5밀리그램,300,641907920,4 - 5
로수바미브정10/20밀리그램,100,642104800,4 - 5
로수바미브정10/2.5밀리그램,30,642106040,4 - 5
로수바미브정10/5밀리그램,100,642104810,4 - 5
듀카브플러스정60/10/12.5밀리그램,300,641907910,4 - 5
로수바미브정10/20밀리그램,30,642104800,4 - 5
듀카브플러스정30/5/12.5밀리그램,300,641907930,4 - 5
로수바미브정10/5밀리그램,30,642104810,4 - 5
듀카브플러스정60/5/12.5밀리그램,30,641907920,4 - 5
로수바미브정10/10밀리그램,0,642104820,4 - 5
로수바미브정10/20밀리그램,0,642104800,4 - 5
로수바미브정10/2.5밀리그램,100,642106040,4 - 5
리바로젯정4/10밀리그램,30,644914970,4 - 6
리토바젯정10/40밀리그램,100,641607540,4 - 6
리토바젯정10/20밀리그램,100,641607530,4 - 6
리토바젯정10/10밀리그램,100,641607520,4 - 6
리바로젯정2/10밀리그램,30,644914960,4 - 6
리토바젯정10/20밀리그램,30,641607530,4 - 6
리토바젯정10/10밀리그램,30,641607520,4 - 6
리바로젯정4/10밀리그램,100,644914970,4 - 6
리바로젯정2/10밀리그램,100,644914960,4 - 6
라베드온정10/600mg,28,653405700,4 - 6
리토바젯정10/40밀리그램,30,641607540,4 - 6
라베핀정10밀리그램,28,663607700,4 - 7
리피딜슈프라정,30,643605090,4 - 7
라베핀정20밀리그램,28,663607710,4 - 7
로와치넥스캡슐,50,000000000,4 - 7
로와콜연질캡슐,50,000000000,4 - 7
리나제틴정,28,642906790,4 - 7
리피딜슈프라정,30,644206620,4 - 7
루키오정10밀리그램,28,640006980,4 - 8
파키놀정2밀리그램,30,651903200,4 - 8
파키놀정0.25밀리그램,30,651902590,4 - 8
파키놀정1밀리그램,30,651902520,4 - 8
라베라톤정10밀리그램,28,645600730,4 - 9
리마몬정,84,643500700,4 - 9
라베라톤정20밀리그램,28,645600740,4 - 9
라베프리정10mg,28,657306150,4 - 9
라베프리정20mg,28,657306160,4 - 9
베타미가서방정50밀리그램,90,677200240,40 - 1
미라벡서방정50밀리그램,30,643508220,40 - 1
하루날디정0.2밀리그램,140,677200160,40 - 1
카덱스정,28,671806090,40 - 1
토비애즈서방정4밀리그람,28,648901320,40 - 1
토비애즈서방정8밀리그람,28,648901330,40 - 1
자이가드연질캡슐0.5밀리그램,30,626900620,40 - 2
프로스카정,30,073100210,40 - 2
피나스타정,30,644904360,40 - 2
트루패스구강붕해정8밀리그램,30,644913990,40 - 2
트루패스정4밀리그램,0,644913730,40 - 2
에이스타정,30,644307960,40 - 3
록스핀정,30,644308400,40 - 3
엑소페린정50밀리그램,30,643501890,40 - 3
트레스탄츄정,60,000000000,40 - 3
카비드츄어블정,60,693903530,40 - 4
로수젯정10/2.5밀리그램,30,643508470,40 - 4
로수젯정10/5밀리그램,30,643507280,40 - 4
로수젯정10/5밀리그램,100,643507280,40 - 4
로수젯정10/10밀리그램,100,643507260,40 - 4
로수젯정10/20밀리그램,30,643507270,40 - 4
로수젯정10/10밀리그램,30,643507260,40 - 4
로수젯정10/20밀리그램,100,643507270,40 - 4
카비드츄어블정,30,693903530,40 - 4
로수젯정10/2.5밀리그램,0,643508470,40 - 4
로수젯정10/20밀리그램,0,643507270,40 - 4
코푸시럽,12,642102282,40 - 5
움카민플러스시럽,60,651602581,40 - 5
프리비투스현탁액,120,671803511,40 - 5
슈멕톤현탁액,30,641700821,40 - 5
코푸시럽,12,642105881,40 - 5
고칼디정,90,645604210,41 - 1
엔블로멧서방정0.3/1000밀리그램,30,641607880,41 - 1
마이칼큐정,30,649808160,41 - 1
고칼디정,30,645604210,41 - 1
마이칼큐정,90,649808160,41 - 1
엔블로정0.3밀리그램,30,641607780,41 - 2
에소메졸디알서방캡슐20밀리그램,100,643508300,41 - 2
에소메졸디알서방캡슐10밀리그램,30,643508540,41 - 2
텔미트렌정20밀리그램,100,643308600,41 - 2
아프로바스크정300/5밀리그램,30,652105930,41 - 2
아프로바스크정150/10밀리그램,30,652105920,41 - 2
에소메졸디알서방캡슐40밀리그램,30,643508310,41 - 2
아프로바스크정150/5밀리그램,30,652105910,41 - 2
텔미트렌정20밀리그램,30,643308600,41 - 2
에소메졸디알서방캡슐20밀리그램,30,643508300,41 - 2
엔블로정0.3밀리그램,300,641607780,41 - 2
시타비앙듀오엑스알서방정50/500밀리그램,100,645605830,41 - 3
트리레보정200/50/200mg,100,651904480,41 - 3
트리레보정150/37.5/200mg,100,651904490,41 - 3
트리레보정150/37.5/200mg,30,651904490,41 - 3
시타비앙듀오엑스알서방정50/500밀리그램 ,30,645605830,41 - 3
트리레보정125/31.25/200mg,100,651904180,41 - 3
시타비앙듀오엑스알서방정100/1000밀리그램,100,645605850,41 - 4
시타비앙듀오엑스알서방정50/1000밀리그램 ,100,645605840,41 - 4
시타비앙정100밀리그램,30,645605600,41 - 4
시타비앙듀오엑스알서방정100/1000밀리그램,30,645605850,41 - 4
시타비앙듀오엑스알서방정50/1000밀리그램,30,645605840,41 - 4
시타비앙정50밀리그램,30,645605580,41 - 4
시타비앙정100밀리그램,0,645605600,41 - 4
시타비앙정50밀리그램,0,645605580,41 - 4
케렌디아정20밀리그램,28,641106190,41 - 5
린버크서방정15밀리그램,28,624900370,41 - 5
트루버디정10/30밀리그램,30,641908300,41 - 5
리퀴시아정2.5밀리그램,60,643308020,41 - 5
리퀴시아정5밀리그램,60,643308030,41 - 5
그리자이드정,30,669900170,41 - 5
에팔정,300,000000000,41 - 5
모니플루정350밀리그람,300,670300490,41 - 5
시타비앙듀오정50/850밀리그램,30,645605880,41 - 6
시타비앙듀오정50/500밀리그램,30,645605860,41 - 6
시타비앙듀오정50/1000밀리그램,30,645605870,41 - 6
시타비앙듀오정50/850밀리그램,100,645605880,41 - 6
시타비앙듀오정50/1000밀리그램,0,645605870,41 - 6
동구에페리손정,500,657300850,42 - 1
쿠에타핀정12.5밀리그램,30,657203130,42 - 1
쿠에타핀정12.5밀리그램,100,657203130,42 - 1
클란자CR정,100,644307820,42 - 1
우루사정100밀리그램,300,641602040,42 - 1
웰부트린엑스엘정150밀리그램,30,650000920,42 - 1
큐라실정125밀리그람,30,642102340,42 - 1
우루사정100밀리그램,500,641602040,42 - 1
명문아트로다캡슐25밀리그램,30,649801230,42 - 1
케이캡정50밀리그램,300,640007270,42 - 2
클래리정500밀리그램,100,643502700,42 - 2
케이캡정50밀리그램,30,640007270,42 - 2
크래빅스정,100,657303290,42 - 2
아빌리파이정10밀리그램,100,649900120,42 - 2
칸데모어플러스정16/12.5밀리그램,100,643305240,42 - 2
크로세프캡슐250밀리그램,100,643502650,42 - 2
아빌리파이정1밀리그램,30,649900540,42 - 2
아빌리파이정5밀리그램,100,649900110,42 - 2
아빌리파이정1밀리그램,100,649900540,42 - 2
한미클래리정500밀리그램,100,643502700,42 - 2
케이캡구강붕해정25밀리그램,30,640007890,42 - 2
케이캡구강붕해정50밀리그램,30,640007790,42 - 2
아빌리파이정2밀리그램,100,649900250,42 - 2
케이캡구강붕해정50밀리그램,28,640007790,42 - 2
아로민필름코팅정,300,000000000,42 - 3
카듀엣정5mg/40mg,30,073400170,42 - 3
코니펜정,30,670303770,42 - 3
코니펜정,300,670303770,42 - 3
카듀엣정5mg/20mg,30,073400180,42 - 3
클로스원캡슐,100,640006170,42 - 3
아로나민케어싸이정,120,000000000,42 - 3
에필렙톨씨알정,500,657200530,42 - 3
아미로정,100,646800920,42 - 3
자큐보정20밀리그램,300,078600010,42 - 3
카나브정30밀리그램,300,641905940,42 - 4
카듀엣정5mg/10mg,30,073400160,42 - 4
카나브정120밀리그램,300,641905460,42 - 4
카나브정30밀리그램,30,641905940,42 - 4
카레스정,300,644003360,42 - 4
카나브정60밀리그램,300,641905450,42 - 4
카나브정60밀리그램,30,641905450,42 - 4
칸타벨정16/5밀리그램,100,643307530,42 - 5
클로아트정,300,641602350,42 - 5
카세핀정25밀리그램,100,645303330,42 - 5
칸타벨정8/5밀리그램,100,643307540,42 - 5
칸타벨정16/5밀리그램,30,643307530,42 - 5
칸타벨정8/5밀리그램,30,643307540,42 - 5
옥시크로린정300밀리그램,200,620500160,42 - 5
콜킨정,100,644304080,42 - 5
콜킨정,500,644304080,42 - 5
칼시오연질캡슐0.25마이크로그램,300,643502430,42 - 6
칼테오-40정,180,675000020,42 - 6
잘트론정,500,645601610,42 - 6
징코셀정,600,661601330,42 - 6
자트랄엑스엘정10밀리그램,30,652101180,42 - 6
자트랄엑스엘정10밀리그램,100,652101180,42 - 6
카세핀정100밀리그램,100,645301550,42 - 6
칼시오연질캡슐0.25마이크로그램,30,643502430,42 - 6
카세핀정100밀리그램,30,645301550,42 - 6
코데날정,1000,645701150,42 - 7
조피린장용정,300,645301500,42 - 7
크레스토정10밀리그램,30,650700520,42 - 7
크레스토정5밀리그램,30,650700540,42 - 7
케이콘틴서방정,300,645905140,42 - 7
람노스과립,50,651600111,5 - 1
람노스캡슐,90,651600130,5 - 1
로수로드정5밀리그램,30,643305640,5 - 1
란스톤캡슐,28,645400190,5 - 1
레비라정1000밀리그램,60,643506430,5 - 10
레비라정250밀리그램,60,643506450,5 - 10
로디엔정5밀리그램,300,645304050,5 - 2
로수바정10밀리그램,28,663604300,5 - 2
로디엔정2.5밀리그램,300,645300370,5 - 2
로디엔정2.5밀리그램,30,645300370,5 - 2
로디엔정5밀리그램,30,645304050,5 - 2
레조트론정2밀리그램,28,000000000,5 - 2
레졸로정1밀리그램,0,000000000,5 - 2
리록스반정15밀리그램,30,643507610,5 - 3
리록스반정20밀리그램,30,643507590,5 - 3
라믹탈정50밀리그램,90,650000180,5 - 3
리록스반정10밀리그램,30,643507620,5 - 3
라믹탈정100밀리그램,90,650000190,5 - 3
라믹탈정25밀리그램,90,650000170,5 - 3
리바로브이정4/160밀리그램,30,644913930,5 - 4
리바로브이정4/80밀리그램,30,644913940,5 - 4
리바로브이정2/80밀리그램,30,644913910,5 - 4
리바로브이정2/160밀리그램,30,644913920,5 - 4
리셀톤캡슐1.5mg,100,651904210,5 - 5
리셀톤캡슐3mg,100,651904220,5 - 5
리셀톤캡슐4.5밀리그램,100,651904390,5 - 5
레바캄정10/80밀리그램,100,668902550,5 - 5
리셀톤캡슐1.5mg,30,651904210,5 - 5
릭시아나정60밀리그램,28,680900200,5 - 6
릭시아나정30밀리그램,28,680900180,5 - 6
릭시아나정15밀리그램,14,680900190,5 - 6
멀택정,60,652000850,5 - 7
마그네스디정,100,000000000,5 - 7
멜라킹서방정2밀리그램,30,000000000,5 - 7
브린텔릭스정5밀리그램,28,668000130,5 - 8
브린텔릭스정20밀리그램,28,668000120,5 - 8
브린텔릭스정10밀리그램,28,668000110,5 - 8
비바코정5밀리그램,30,640006760,5 - 9
비바코정10밀리그램,30,640006740,5 - 9
밀타오디정15밀리그램,100,651904110,6 - 1
밀타오디정30밀리그램,100,651904120,6 - 1
무코스타정,100,649900060,6 - 1
목시클정625밀리그램,40,641601310,6 - 2
뮤테란과립200밀리그램,50,651600231,6 - 2
목시클정375밀리그램,80,641601300,6 - 2
메디락디에스장용캡슐,300,643500900,6 - 3
메바로친정20밀리그램,100,640003800,6 - 3
메디락디에스장용캡슐,100,643500900,6 - 3
맥스마빌장용정,100,644500300,6 - 4
베아셉트속붕정5밀리그램,30,694001280,6 - 4
베아셉트속붕정10밀리그램,30,694001290,6 - 4
맥스마빌장용정,30,644500300,6 - 4
바이포지정5/80밀리그램,28,642904850,6 - 5
바이포지정5/160밀리그램,28,642904860,6 - 5
바이포지정10/160밀리그램,28,642904870,6 - 5
보령메이액트정100밀리그램,100,641901220,6 - 6
비비안트정20밀리그램,28,648902000,6 - 6
미카르디스플러스정40/12.5밀리그램,30,653500360,6 - 6
사이폴-엔연질캡슐100밀리그램,0,643301100,6 - 7
비바코정20밀리그램,30,640006750,6 - 8
바라티스정0.5밀리그램,30,645604380,6 - 8
파리에트정5밀리그램,28,671705960,6 - 9
펜타사좌약,28,652500240,7 - 1
아사콜좌약500밀리그람,20,641601850,7 - 2
코자플러스에프정,30,073100350,7 - 2
코자플러스정,30,073100340,7 - 2
동아오팔몬정,84,642500950,7 - 2
아프로벨정150밀리그램,100,652100870,7 - 2
아프로벨정150밀리그램,30,652100870,7 - 2
코아프로벨정300/12.5밀리그램,30,652101270,7 - 2
코자정,30,073100220,7 - 2
코아프로벨정150/12.5밀리그램,30,652101260,7 - 2
베시케어정5밀리그램,100,677200070,7 - 3
비유피-4정10밀리그램,30,645400470,7 - 3
브릴린타정90밀리그램,56,650700790,7 - 3
비유피-4정20밀리그램,30,645400480,7 - 3
베시케어정10밀리그램,100,677200080,7 - 3
비유피-4정10밀리그램,300,645400470,7 - 3
쎄로켈정25밀리그램,30,652606720,7 - 4
드록틴캡슐30mg,30,651903970,7 - 4
쎄로켈정100밀리그램,30,652606730,7 - 4
슈가논정5밀리그램,30,642507280,7 - 4
드록틴캡슐30mg,200,651903970,7 - 4
드록틴캡슐60mg,30,651903960,7 - 4
세비카에이치씨티정10/40/12.5밀리그램,28,680900090,7 - 5
세비카에이치씨티정5/40/12.5밀리그램,28,680900070,7 - 5
세비카정5/20밀리그램,28,680900030,7 - 5
세비카정5/40밀리그램,28,680900050,7 - 5
세비카에이치씨티정5/20/12.5밀리그램,28,680900110,7 - 5
세비카정10/40밀리그램,28,680900060,7 - 5
서카딘서방정2mg,30,000000000,7 - 5
싱귤레어정10밀리그램,28,073100190,7 - 5
액토스정15밀리그램,28,693903510,7 - 6
임펙트윈정10/10mg,30,698503420,7 - 6
액토스정30밀리그램,28,693903520,7 - 6
임펙트윈정10/20mg,30,698503340,7 - 6
액토스정15밀리그램,30,693903510,7 - 6
액토스정30밀리그램,30,693903520,7 - 6
올메텍정10밀리그램,150,641601990,7 - 7
익셀캡슐25밀리그램,300,642201840,7 - 7
올메텍정10밀리그램,30,641601990,7 - 7
아서틸정4밀리그람,90,676300060,7 - 7
익셀캡슐25밀리그램,56,642201840,7 - 7
아서틸정8밀리그람,90,676300070,7 - 7
아다핀오스모서방정30밀리그램,100,620500140,7 - 7
익셀캡슐50밀리그램,56,642201850,7 - 7
아카브정30/20밀리그램,30,641907650,7 - 8
에피언트정10밀리그램,30,680900220,7 - 8
아카브정30/10밀리그램,30,641907640,7 - 8
아카브정60/10밀리그램,30,641907620,7 - 8
에비스타플러스정,30,652606400,7 - 9
에빅사정,56,668000040,7 - 9
에비스타정60밀리그람,28,652606820,7 - 9
엑스포지정5/80밀리그램,28,653600860,7 - 9
알포그린연질캡슐,90,679600150,8 - 1
아로나민씨플러스정,300,000000000,8 - 1
한미플루캡슐75밀리그램,0,643507470,8 - 1
빌다글메트정50/850밀리그램,30,643508430,8 - 10
빌다글정50밀리그램,30,643508480,8 - 10
빌다글메트정50/1000밀리그램,30,643508440,8 - 10
빌다글메트정50/500밀리그램,30,643508420,8 - 10
엘칸정330밀리그램,60,642901380,8 - 2
아사콜디알정400밀리그람,100,641601830,8 - 2
아고틴정25밀리그램,28,657203390,8 - 2
아달라트오로스정30,70,641100210,8 - 2
아고틴정25밀리그램,100,657204230,8 - 2
아마릴정4밀리그람,100,652100820,8 - 3
아마릴정2밀리그람,100,652100800,8 - 3
아마릴정4밀리그람,30,652100820,8 - 3
에제트정10밀리그램,30,643507500,8 - 3
아마릴정2밀리그람,30,652100800,8 - 3
아토젯정10/20밀리그램,30,073100380,8 - 4
아토젯정10/10밀리그램,30,073100410,8 - 4
아토젯정10/40밀리그램,30,073100390,8 - 4
에스글리토정25/5밀리그램,30,653501600,8 - 4
에스글리토정10/5밀리그램,30,653501590,8 - 4
아모잘탄큐정5/50/10밀리그램,30,643507850,8 - 5
아모잘탄큐정5/50/5밀리그램,30,643507830,8 - 5
에퀴피나필름코팅정50밀리그램,28,621100260,8 - 5
엔트레스토필름코팅정50밀리그램,30,653602720,8 - 6
엔트레스토필름코팅정200밀리그램,60,653602730,8 - 6
엔트레스토필름코팅정100밀리그램,60,653602710,8 - 6
아모잘탄엑스큐정5/100/5/10밀리그램,30,643508370,8 - 7
아모잘탄엑스큐정5/50/10/10밀리그램,30,643508360,8 - 7
아모잘탄엑스큐정5/50/20/10밀리그램,30,643508350,8 - 7
아모잘탄엑스큐정5/50/5/10밀리그램,30,643508340,8 - 7
아모잘탄엑스큐정5/100/10/10밀리그램,30,643508330,8 - 7
자디앙정25밀리그램,30,653501470,8 - 8
자디앙정10밀리그램,30,653501460,8 - 8
제미다파정,56,668903320,8 - 8
아모잘탄큐정5/100/5밀리그램,30,643507870,8 - 9
자누비아정100밀리그램,28,655500320,8 - 9
아모잘탄큐정5/100/10밀리그램,30,643507860,8 - 9
자누비아정100밀리그램,28,643309550,8 - 9
알레버트정,100,000000000,9 - 1
투리온정,60,626500960,9 - 1
트라젠타듀오정2.5/500밀리그램,60,653501390,9 - 10
트라젠타듀오정2.5/850밀리그램,60,653501400,9 - 10
트라젠타듀오정2.5/1000밀리그램,60,653501410,9 - 10
지르텍정,100,654100110,9 - 2
지르텍정,10,654100110,9 - 2
자이자핀정5밀리그램,30,645304960,9 - 2
프로베라정10mg,40,648901200,9 - 2
제미글로정50밀리그램,300,668902170,9 - 3
제미글로정50밀리그램,56,668902170,9 - 3
자렐토정10밀리그램,30,641104870,9 - 3
자렐토정20밀리그램,30,641105730,9 - 3
자렐토정15밀리그램,30,641105740,9 - 3
자렐토정15밀리그램,28,641105740,9 - 3
자렐토정20밀리그램,28,641105730,9 - 3
콩코르정2.5밀리그램,30,661700390,9 - 4
칸데모어정32밀리그램,28,643305900,9 - 4
타나민정,500,644501120,9 - 4
콩코르정5밀리그램,100,661700400,9 - 4
케렌디아정10밀리그램,28,641106200,9 - 4
노이로민정,60,644500120,9 - 4
타나민정,90,644501120,9 - 4
판크레아정,300,000000000,9 - 5
다파론듀오서방정10/500밀리그램,30,643508580,9 - 5
다파론정10밀리그램,30,643508270,9 - 5
다파론듀오서방정10/1000밀리그램,30,643508590,9 - 5
다파론정5밀리그램,30,643508260,9 - 5
푸로골서방캡슐120밀리그램,56,685800150,9 - 6
트라젠타정,30,653501380,9 - 6
다파론듀오서방정5/500밀리그램,30,643508560,9 - 6
다파론듀오서방정5/1000밀리그램,30,643508570,9 - 6
트라젠타정,0,653501380,9 - 6
토르셈정5밀리그램,30,643502910,9 - 7
토르셈정10밀리그램,30,643502920,9 - 7
토르셈정2.5밀리그램,30,643504620,9 - 7
트루버디정10/15밀리그램,30,641908310,9 - 7
투베로정30/5밀리그램,30,641906560,9 - 7
투베로정30/10밀리그램,30,641906550,9 - 7
토르셈정5밀리그램,100,643502910,9 - 7
펜타사서방정1g,60,652500320,9 - 8
투베로정60/5밀리그램,30,641906540,9 - 8
이소켓서방캡슐120밀리그램,100,620500210,9 - 8
트리테이스프로텍트정,30,652101440,9 - 8
헤르벤서방정90밀리그램,500,640003910,9 - 9
헤르벤서방캡슐180밀리그램,500,640003920,9 - 9
헤르벤정,100,640003930,9 - 9
헤르벤정,500,640003930,9 - 9
헤르벤서방정90밀리그램,100,640003910,9 - 9
헤르벤서방캡슐180밀리그램,100,640003920,9 - 9
한신감치원액,10,000000000,
클리마토플란정,100,000000000,
카슈트현탁액,100,664101341,
안플리코정,100,663606300,
데스오웬로션0.05%,1,655700021,
줄토피플렉스터치주,3,654400601,
피아스프플렉스터치주100단위/밀리리터,5,654400581,
트레시바플렉스터치주100단위/밀리리터,5,654400551,
노보래피드플렉스펜주100단위/밀리리터,5,654400091,
엑셀론패취15,30,653602450,
카리메트과립,100,652600384,
자나팜정0.25밀리그램,200,651901730,
리큅정1밀리그램,21,650000280,
리큅정0.25밀리그램,21,650000270,
테리락스엑스엘서방정,250,645601900,
알렌맥스플러스디정,4,643506120,
졸피드정10밀리그램,28,643502320,
펜잘8시간이알서방정,500,643306670,
데파스정0.25밀리그램,100,643300300,
뉴로패시드오디정600밀리그램,100,643300200,
리알트리스나잘스프레이액,1,642105621,
올메텍정40밀리그램,30,641602010,
크레메진속붕정,84,640007761,
카리메트현탁액,100,623900111,
메네스에스정,500,657306780,
파마탄산칼슘정,300,653003560,
리트모놈SR서방캡슐225밀리그램,50,644206320,
레나메진캡슐,630,671805920,
엘리퀴스정2.5밀리그램,60,658700520,
투제오주솔로스타,3,652000951,
타이레놀정500밀리그람,10,000000000,
라시도필캡슐,120,659900030,
레비라정500밀리그램,60,643506440,
놀텍정10밀리그램,56,641702920,
아로나민골드정,100,000000000,
테라플루나이트타임건조시럽,6,000000000,
트리아핀정5/5mg,30,652101410,
악토넬EC정35밀리그램,4,644503330,
노스판패취10㎍/h,4,678000020,
엘리퀴스정5밀리그램,60,658700560,
페마라정,30,653601250,
직듀오서방정10/1000밀리그램,28,650700930,
시네츄라시럽,60,650203656,
삼진니모디핀정,500,647800720,
씬지로이드정0.025밀리그램,100,642204420,
이지에프새살연고,1,000000000,
테로사카트리지주,1,671807061,
리조덱플렉스터치주100단위/밀리리터,5,654400541,
아리셉트정23밀리그램,30,652105800,
애피드라주솔로스타,5,652000591,
유유알로푸리놀정,100,644500910,
알기텍트액,20,643705111,
동아가스터정20밀리그램,300,642500390,
유한메트포르민서방정500mg,300,642103040,
다이아벡스정1000밀리그램,100,641600370,
모드코프에스연질캡슐,10,000000000,
모드코에스연질캡슐,10,000000000,
프로코라란정7.5밀리그램,56,676300110,
락티케어에취씨로션1%,1,653005005,
로트로반정10밀리그램,30,648103340,
바이토린정10/20,30,073100070,
써스펜8시간이알서방정650밀리그램,300,643501510,
일성이솦틴서방정180밀리그람,250,655401550,
비펜카타플라스마:아쿠스탑카타플라스마,6,643601140,
동성정로환에프환,100,000000000,
야즈정,28,000000000,
크리맥액,1,000000000,
중외관류용멸균증류수,1,644902331,
다이아벡스정250밀리그램,100,641600380,
마데카솔케어연고,1,000000000,
비오플250캡슐,48,000000000,
리세드렌플러스정,4,698503520,
노보믹스30플렉스펜주100단위/밀리리터,5,654400161,
로피롤에이정110밀리그램,30,652607170,
몬테잘츄정5밀리그램,30,643506020,
메가폴민서방정500밀리그램,30,643500840,
아나프록스정,500,643301620,
현대테놀민정25밀리그람,100,642001350,
아졸락정0.5밀리그람,30,649501420,
비오플250산,200,646802471,
아티반정1밀리그람,100,642901160,
현대테놀민정,100,642001360,
노루모에프내복액,1,000000000,
판콜에스내복액,5,000000000,
벤트플라겔,1,000000000,
신신티눈밴드,6,000000000,
어택트라흡입용캡슐150/80마이크로그램,30,653603350,
카마제핀씨알정300밀리그램,200,651901850,
메가폴민정500밀리그램,300,643500850,
대웅프리미돈정,30,641601060,
자나팜정0.5밀리그램,200,651901750,
부광메티마졸정,100,642200680,
제일쿨파프,5,000000000,
아이월드요비신정,20,000000000,
씬지록신정125마이크로그램,100,664602230,
트루리시티1.5밀리그램/0.5밀리리터일회용펜,2,670801051,
포스터100/6에이치에프에이,1,670302181,
메시마캡슐,180,655000240,
트렌탈서방정400,500,652101370,
나라믹정2.5밀리그램,6,650000090,
명문니트로글리세린0.6밀리그램설하정,100,649800850,
메가폴민서방정500밀리그램,300,643500840,
알모그란정,4,642101100,
스타그민패취10,30,642003280,
아카브정60/20밀리그램,30,641907630,
마도파에취비에스캡슐125,100,645000170,
유한피라진아미드정500밀리그램,100,642102010,
챔프시럽,10,000000000,
챔프노즈시럽,10,000000000,
챔프코프에스액,10,000000000,
카베진코와알파정,100,000000000,
카베진코와알파정,300,000000000,
소보민시럽,2,000000000,
알비스타연질캡슐,300,657302700,
페니드정10밀리그램,200,657200860,
타오르정5밀리그램,30,000000000,
타오르정20밀리그램,8,000000000,
베타딘인후스프레이,1,000000000,
스틸녹스CR정6.25밀리그램,14,652100660,
유한메트포르민서방정750mg,300,642104630,
유한메트포르민서방정500mg,30,642103040,
니코레트껌4밀리그람쿨민트향,30,000000000,
콜대원코프큐시럽,5,000000000,
에너제어흡입용캡슐150/50/80마이크로그램,30,653603370,
명인디스그렌캡슐,100,651900500,
놀바덱스디정,30,650700100,
명문글리코피롤레이트정,300,649800810,
플루테롤흡입용캡슐250/50,60,643506791,
신신티눈밴드,8,000000000,
멘소래담로션,1,000000000,
유한비타민씨정1000mg,100,000000000,
휴마로그믹스25퀵펜주100단위/밀리리터,5,670800343,
엑셀론패취10,30,653601340,
엑셀론패취5,30,653601330,
리보트릴정,100,643308800,
부광메티마졸정,500,642200680,
타이레놀8시간이알서방정,500,672300240,
카마졸질정,60,652601250,
볼그레액,30,643301001,
소타론정,300,052700330,
하이트리크림,1,671701861,
큐시미아캡슐11.25mg/69mg,30,000000000,
도란사민캡슐,100,645400120,
로벨리토정150/10밀리그램,100,643506680,
유한메트포르민서방정1000밀리그램,30,642105770,
포스터200/6에이치에프에이흡입제,1,670304701,
실로덱스점이현탁액,1,653603041,
히알유니점안액0.3%,60,650102861,
일양실데나필정100밀리그램,4,000000000,
케어가글액,1,000000000,
잇치페이스트,1,000000000,
판피린큐액,5,000000000,
이본드로정,1,645604140,
마이녹실액5%,1,000000000,
케프라엑스알서방정750밀리그램,30,654100870,
기넥신에프정80밀리그램,100,644700140,
시나롱정5밀리그램,30,641902710,
휴마로그주100단위/밀리리터,1,670800351,
제비닉스정200밀리그램,90,657203710,
자나팜정0.4밀리그램,30,651901740,
이지엔6이브연질캡슐,10,000000000,
이지엔6이브연질캡슐,30,000000000,
헥사메딘액0.12%,1,642204291,
투베로정60/10밀리그램,30,641906530,
피타스틴정1밀리그램,100,656005150,
다이아벡스정250밀리그램,1000,641600380,
케토톱엘플라스타,7,652105440,
타이레놀콜드-에스정,10,000000000,
덴드로프-쿨액,1,000000000,
레코비정,30,663600350,
발사렉트정80밀리그램,30,644912380,
이노엔치옥트산에이치알정600밀리그램,30,640005800,
악토넬정35밀리그람,4,644503310,
탬보코정,90,644101040,
락티케어에취씨로션1%,1,653005004,
듀어클리어제뉴에어400/12마이크로그램,1,641605970,
플로리네프정,100,643903440,
노스판패취5㎍/h,4,678000010,
직듀오서방정10/500밀리그램,28,650700960,
데파스정0.5밀리그람,100,643300310,
알드린현탁액,30,641701101,
테프라정40밀리그램,500,655601800,
가나칸정50밀리그램,1000,644900310,
조믹정2.5밀리그램,3,650700470,
레파타주프리필드펜,1,052300091,
가나칸정50밀리그램,100,644900310,
조인스정200밀리그램,500,644701930,
뉴바스트정80밀리그램,30,643504600,
사리돈에이정,10,000000000,
스틸녹스CR정12.5밀리그램,14,652100650,
삼진디아제팜정2밀리그람,500,647800740,
티자리드정1밀리그람,30,641804800,
동화디트로판정,100,642700300,
캐롤디연질캡슐,10,000000000,
동성정로환에프정,36,000000000,
티자리드정1밀리그람,500,641804800,
노스카나겔,1,000000000,
자나팜정0.125밀리그램,200,651904650,
메이킨큐장용정,20,000000000,
플루티폼흡입제250μg/10μg,1,678000301,
트윈스타정40/10밀리그램,30,653501290,
씨록정500밀리그램,100,644301990,
크리멘28정,28,641100820,
대원메게스트롤이에스현탁액,14,671805322,
대원메게스트롤아세테이트현탁액,24,671800891,
리알트리스나잘스프레이액,1,642105622,
일성이솦틴서방정180밀리그람,30,655401550,
어택트라흡입용캡슐150/160마이크로그램,30,653603330,
아모잘탄큐정5/50/20밀리그램,30,643507840,
타오르구강붕해필름20밀리그램,10,000000000,
트라펜세미정,30,649804140,
레바신정,30,644700310,
클란자에스연질캡슐,100,644304150,
에트라빌10밀리그램정,100,642702510,
멜로캄캡슐7.5밀리그람,30,642100520,
자낙스정0.25밀리그램,30,073400470,
레메론정15밀리그램,30,073100320,
페리슨정,30,670606240,
뉴로스캡슐100밀리그람,30,670100070,
크레젯정10/5밀리그램,30,641606150,
크레젯정10/5밀리그램,100,641606150,
모비졸로정1밀리그램,300,659901440,
세타마돌정,30,642902710,
에트라빌10밀리그램정,1000,642702510,
겔포스엘현탁액,4,000000000,
노펜피록시캄겔,1,000000000,
애니클렌액,1,000000000,
성광포비딘,1,657400260,
크레메진세립,84,640002511,
알레지온점안액0.05%,1,665600321,
히아박점안액,1,643903071,
알레그라정120밀리그람,30,652100960,
설포라제캡슐,30,642000540,
한신배농산급탕엑스과립,1,000000000,
하나페노바르비탈정,100,657802870,
데파스정0.25밀리그램,30,643300300,
써큐록신정,30,642900950,
큐알론점안액,1,643702161,
유한메트포르민서방정750mg,30,642104630,
타오르정10밀리그램,8,000000000,
아시트과립,42,000000000,
콤비글라이즈서방정5/1000밀리그램,28,650700910,
모드콜에스연질캡슐,10,000000000,
리피논정80밀리그램,30,642506260,
카프릴정50밀리그람수출명:captolongtablet5,30,641903520,
로바티탄정5/80밀리그램,56,668902880,
머시론정,21,000000000,
쎄레스톤지크림,1,000000000,
노바스크정2.5밀리그램,30,073400370,
시코연질캡슐,30,073000410,
비아그라정50밀리그람,4,000000000,
임팩타민파워정,30,000000000,
아티반정0.5밀리그람,100,642901150,
해농정,10,000000000,
부스코판플러스정,20,000000000,
신신물파스에스,1,000000000,
오트리빈멘톨0.1%분무제,1,000000000,
인플라정,10,000000000,
부스코판플러스정,10,000000000,
케펨플라스타,10,000000000,
신신찜파스,8,000000000,
안티푸라민40플라스타,12,000000000,
큐알론점안액,1,643702164,
듀아비브정0.45/20밀리그램,30,000000000,
타이레놀8시간이알서방정,6,672300240,
에폴민카타플라스마,7,645601430,
대화와르파린나트륨정5밀리그람,300,645600400,
대화와르파린나트륨정2밀리그램,300,645600390,
속엔쿨정,10,000000000,
오로친에스정,20,000000000,
휴물린알주100단위,1,670800431,
이미그란정50밀리그램,6,650000990,
클래라정,28,000000000,
리세넥스플러스정,4,645304150,
지노프로질정,6,642001040,
크린클관류제,20,000000000,
레버미어플렉스펜주100단위/밀리리터,5,654400201,
휴터민세미정,28,000000000,
비잔정,28,641105700,
프랄런트펜주75mg,1,652000981,
아페린정,60,000000000,
씨잘정5밀리그램,90,654100060,
훼스탈플러스정,10,000000000,
에펙신이용액,1,642901301,
세레타이드250에보할러,1,650000611,
프라믹신연고,1,000000000,
코대원에스시럽,40,671807171,
유로시트라씨산,120,659900150,
태극아시클로버크림,1,644802251,
삼아리도멕스로션,1,645700552,
안젤릭정,28,641100700,
알마겔정,500,642101080,
트림보우흡입제100/6/12.5,1,670304351,
코푸정에스,10,000000000,
노보래피드주100단위/밀리리터,1,654400071,
프리토정40밀리그램,30,641806570,
덱스파놀연고,1,000000000,
바로스콘더블액션현탁액,4,000000000,
코대원포르테시럽,100,671805622,
휴물린엔퀵펜주100단위/밀리리터,5,670800453,
모빅캡슐7.5밀리그램,100,653500890,
알레그라정180밀리그람,30,652100970,
무코스타서방정150밀리그램,60,649900530,
파라마셋정,30,642505230,
루마겔,1,643500611,
바로스콘더블액션현탁액,16,000000000,
에도파벨정0.5밀리그램,30,643308430,
노텍정,10,000000000,
싸이베린정,10,000000000,
게보린정,10,000000000,
하이로손크림,1,644803091,
한신맥담엑스과립,120,000000000,
삐콤씨파워정,60,000000000,
에너제어흡입용캡슐150/50/160마이크로그램,30,653603360,
광동프라목신크림,1,641805621,
스트렙실허니앤레몬트로키,12,000000000,
챔프이부펜시럽,10,000000000,
담엔쿨정,10,000000000,
카리메트산,100,652600394,
칸타벨에이정16/5/20밀리그램,30,643308900,
화이투벤씨플러스캡슐,10,000000000,
조인스정200밀리그램,100,644701930,
팔팔정50밀리그램,8,000000000,
비아그라정100밀리그람,4,000000000,
안티푸라민에스로션,1,000000000,
용각산,1,000000000,
로파인캡슐,10,644800520,
살로탄플러스프로정,30,643301210,
페리덱스연고,1,000000000,
비판텐연고,1,000000000,
휴마로그퀵펜주100단위/밀리리터,5,670800384,
테디포엠서방정20/1000밀리그램,30,645907300,
타오르구강붕해필름10밀리그램,10,000000000,
오라메디연고{수출명:오라메디파스타},1,000000000,
캄비손소프트크림,1,000000000,
디푸루칸건조시럽,1,648900181,
뮤코로솔정,10,644806170,
노레보원정,1,000000000,
화인코프에이캡슐,10,000000000,
조아팝,6,000000000,
구구정20밀리그램,8,000000000,
볼타렌에멀겔,1,051600162,
큐시미아캡슐7.5mg/46mg,30,000000000,
케펜텍플라스타,6,054300160,
삼아리도스타크림,1,645702491,
슈글렛정50밀리그램,100,677200260,
구구정5밀리그램,30,000000000,
알러샷연질캡슐,10,000000000,
한신평장환,120,000000000,
치옥타시드에이취알정600밀리그램,30,642202020,
한신안티캄캡슐,10,000000000,
본에이드정70밀리그램,4,657302000,
셀벡스캡슐,100,642204150,
카듀엣정10/20밀리그램,30,073400190,
에카린에이정,60,000000000,
타플로탄점안액0.0015%,1,665600091,
스포라녹스캡슐,56,646902560,
테라플루콜드앤코프데이타임건조시럽,10,000000000,
테라플루콜드앤코프나이트타임건조시럽,10,000000000,
자누비아정50밀리그램,28,655500310,
니조랄2%액,1,000000000,
명문메토카르바몰정,30,649800960,
본모어디정,30,652606500,
마데카솔겔,1,000000000,
마데카솔분말,1,000000000,
콤비글라이즈서방정5/500밀리그램,28,650700900,
시스타정40밀리그램,30,641902730,
푸레파인연고,1,000000000,
일양실데나필정50밀리그램,4,000000000,
모바렌캡슐,90,000000000,
란투스주솔로스타,5,652000581,
제놀푸로탑플라스타,15,000000000,
프렌즈아이드롭점안액,1,000000000,
오르필시럽,1,642201732,
팔팔정100밀리그램,8,000000000,
크록신정250밀리그램,10,000000000,
오라팡정,28,000000000,
아이미루40이엑스점안액,1,000000000,
엘도스캡슐,10,000000000,
자이데나정100밀리그램,8,000000000,
세트락살플러스점이액,1,679700101,
가나칸정50밀리그램,500,644900310,
덱시드정480밀리그램,30,642203380,
듀어클리어제뉴에어400/12마이크로그램,1,056800041,
세네풀에스액,1,000000000,
구미포비돈요오드액,1,680400080,
에트라빌10밀리그램정,0,642702510,
레파드린정,30,698000650,
레보펙신정500밀리그램,30,642900270,
콜대원노즈큐에스시럽,5,000000000,
파타놀점안액0.1%,1,653603051,
휴물린엔주100단위이소판,1,670800441,
휴마로그믹스50퀵펜주100단위/밀리리터,5,670800524,
카네마졸질정100mg,6,645902600,
리프레쉬플러스점안액0.5%,30,624900541,
휴물린70/30퀵펜주100단위/밀리리터,5,670800463,
덱스피드연질캡슐,10,000000000,
리큅정2밀리그램,21,650000290,
셀셉트캡슐250밀리그램,100,645000330,
리피로우정10mg,30,643304610,
아토렌정10밀리그램,30,660700860,
실버셉트정5밀리그램,30,651902490,
트라린정50밀리그램,30,651902160,
신신티눈고,2,000000000,
신신티눈액,1,000000000,
이텍스세픽심캡슐,30,698500980,
올메액트플러스정20/12.5밀리그램,28,680900140,
아클론정 ,30,648502580,
아로나민골드프리미엄정,180,000000000,
크린클관류제,1,000000000,
트루리시티0.75밀리그램/0.5밀리리터일회용펜,2,670801031,
리리카CR서방정330밀리그램,30,073400270,
자이로릭정,100,643901390,
아로나민골드프리미엄정,120,000000000,
한신노스크린엑스과립,120,000000000,
에소메졸플러스정40/350밀리그램,30,643508490,
오잘탄정50밀리그램,30,643501990,
심바스타정20밀리그램,30,640001030,
밴드이명래고약,3,000000000,
니코레트껌2밀리그람쿨민트향,30,000000000,
본비바플러스정,1,652604790,
활비톤액,1,000000000,
까스활명수큐액,1,000000000,
안티푸라민한방카타플라스마,6,000000000,
유턴정16mg,200,651904570,
러지텍정,10,664100410,
유턴정24mg,200,651904560,
록펜텍카타플라스마,6,000000000,
마그오캡슐500mg,200,000000000,
유한메트포르민서방정1000밀리그램,100,642105770,
카프릴정50밀리그람수출명:captolongtablet5,100,641903520,
셀디아정,30,000000000,
졸민정0.25밀리그램,200,651901780,
탁센연질캡슐,10,000000000,
광동우황청심원현탁액,1,000000000,
코스펜정,10,000000000,
시크린원점안액,1,000000000,
니세골린정10밀리그램,100,643508610,
현대테놀민정,30,642001360,
드리클로액,1,000000000,
위고비프리필드펜0.25,1,000000000,
두두엔액,1,000000000,
알마겔에프현탁액,20,642101071,
푸레파인마일드좌제,10,000000000,
더마큐연고,1,000000000,
이지엔6프로연질캡슐,10,641602140,
리스펜정0.5밀리그램,30,651900370,
로수듀오정10/5밀리그램,0,647304320,
벤포벨에스정,60,000000000,
대원메게스트롤아세테이트현탁액,20,671800891,
쿨드림연질캡슐,10,000000000,
옴니세프캡슐100밀리그램,30,645400850,
이지롱내복액,1,000000000,
셀라빅스정75밀리그램,30,693902400,
라베드온정20/600mg,28,653405710,
라스피린캡슐100/5밀리그램,30,643508750,
니세골린정30밀리그램,100,643508620,
콜대원키즈코프시럽,10,000000000,
콜대원콜드큐시럽,5,000000000,
놀바덱스정,30,650700110,
히알산점안액0.15%,60,649604801,
위생단큐환,100,000000000,
베나치오이지액,6,000000000,
라미실원스외용액,1,000000000,
콜대원키즈콜드시럽,10,000000000,
콜대원키즈노즈에스시럽,10,000000000,
삼메틴정,10,654301390,
대웅알벤다졸정,2,000000000,
지베즈정,28,000000000,
아시돌연질캡슐1마이크로그램,30,663601210,
알보칠콘센트레이트액,1,000000000,
대원메게스트롤아세테이트현탁액,20,671800893,
베나치오에프액,1,000000000,
환인클로나제팜정0.5밀리그램,200,657202690,
아리미덱스정,28,650700380,
신신파스아렉스,14,000000000,
엘스테인시럽,1,671806391,
다이아벡스정500밀리그램,100,641600390,
뉴시가정10밀리그램,30,644503340,
자누비아정50밀리그램,28,643309540,
케프라액,1,654100132,
둘코락스에스장용정,500,000000000,
리포직이디오점안겔,30,000000000,
무조날맥스외용액,1,000000000,
그린포비돈스틱스왑,50,000000000,
테라싸이클린캅셀250밀리그람,1000,643303740,
드라이문트겔,1,000000000,
트루셋정40/5/12.5밀리그램,30,642105480,
트루셋정80/5/12.5밀리그램,30,642105470,
트루셋정80/5/25밀리그램,30,642105460,
트루다파엘정10/5밀리그램,30,641908440,
넥크린과립,6,000000000,
크래밍정,500,649700890,
키미테패취,2,000000000,
자이데나정200밀리그램,8,000000000,
화콜클래식원연질캡슐,10,000000000,
복합우루사연질캡슐,120,000000000,
리보테인정,30,000000000,
삼아탄툼액,1,645700791,
프릴리지정30밀리그램,6,000000000,
아이미루40이엑스골드콘택트점안액,1,000000000,
엘제로젯정4/10밀리그램,30,641908280,
경보클로피도그렐정,30,665001700,
리피토엠서방정10/500밀리그램,30,645405300,
글리메릴정,30,656000020,
조피스타정2밀리그램,30,670608180,
실로스탄씨알정100밀리그램,30,644309100,
탄툼베르데네뷸라이저,1,000000000,
카레인정50단위,30,698502740,
네시나메트정12.5/500밀리그램,60,693903590,
자니딥정,100,668900990,
리페리돈정2밀리그램,30,657200240,
아르바정10밀리그램,30,656000700,
큐로켈정25밀리그램,30,651903270,
지엘로페라미드염산염캡슐,1000,649700730,
콘택골드캡슐,10,000000000,
아이미루40이엑스골드점안액,1,000000000,
펜잘큐정,10,000000000,
스타빅현탁액,6,641607171,
아치온현탁액,1,000000000,
브이포지정5/160mg,30,694001180,
에이리스정,21,000000000,
지노베타딘질세정액,1,000000000,
카네스텐크림,1,641100332,
맨질크림,1,000000000,
뮤로128점안액5%,1,664400111,
뉴히알유니점안액0.15%,60,650102911,
알리손연질캡슐10밀리그램,30,670304370,
삼아로플루정500마이크로그램,30,645702890,
후메론점안액0.02%,1,645303121,
모비졸로정2밀리그램,300,659901450,
리카에이크림,1,000000000,
바르지오모두크림,1,000000000,
로게인5%폼에어로졸,3,000000000,
도미나크림,1,000000000,
위고비프리필드펜1.7,1,000000000,
산텐플루메토론0.1점안액,1,665600251,
듀락칸시럽,20,644900631,
타스린정,30,657806020,
노자임캡슐40000,100,000000000,
복합파자임이중정,500,000000000,
엑스원에이정5/80/10밀리그램,30,640007680,
써버쿨액,1,000000000,
네오덱스안연고,1,645300053,
삼진니모디핀정,100,647800720,
라코르정120/12.5밀리그램,30,642706220,
로칸듀오정5/8밀리그램,30,652606340,
아이투오미니점안액,30,643903661,
한신공진단,30,000000000,
엑스원에이정5/80/20밀리그램,30,640007670,
엘린플러스크림,1,644801471,
위고비프리필드펜2.4,1,000000000,
타이레놀정500밀리그람,30,000000000,
노바손크림,1,000000000,
누코미트캡슐200밀리그램,30,693900030,
솔리쿠아펜주,3,652001081,
산텐플루메토론0.02점안액,1,665600261,
노루모에스산,15,000000000,
디쿠아인점안액,60,671706571,
용각산쿨과립,12,000000000,
덴큐플러스정,120,000000000,
리피로우정10mg,100,643304610,
덱시드정480밀리그램,100,642203380,
알리손연질캡슐30밀리그램,30,670304360,
삼아리도스타로션,1,645702501,
레드리버연질캡슐,60,000000000,
그린관장약,1,648300042,
마이녹실액3%,1,000000000,
시네츄라시럽,78,650203654,
스트렙실오렌지트로키,12,000000000,
삼아케토티펜시럽,1,645700762,
자나팜정0.5밀리그램,30,651901750,
명인브로마제팜정3밀리그램,500,651900640,
애크논크림,1,000000000,
포비정 ,60,000000000,
놀텍정10밀리그램,28,641702920,
써버쿨에스액,1,000000000,
프랄런트펜주150mg,1,652000971,
챔프코프액,10,000000000,
니세골린정30밀리그램,30,643508620,
두드리진시럽,1,645702771,
구세정15/50밀리그램,10,000000000,
시다프비아정10/100밀리그램,28,650701370,
시큐린정30밀리그램,100,645605940,
소하자임플러스정,10,000000000,
게보린소프트연질캡슐,12,000000000,
잇케어페이스트,1,000000000,
센시아정,120,000000000,
포비딘인후스프레이액,1,000000000,
삼현포비돈요오드액,1,000000000,
뉴로패시드오디정600밀리그램,30,643300200,
조믹정2.5밀리그램,3,644705110,
비모보정500/20밀리그램,60,668903330,
듀로셉톨캡슐60밀리그램,30,657202730,
나자린플러스분무액,1,000000000,
작감정,10,000000000,
비아핀에멀젼,1,000000000,
눈앤점안액0.5%,60,643500221,
그린노즈플러스연질캡슐,10,000000000,
둥근머리버물리겔,1,000000000,
멜라논크림,1,000000000,
자이데나정75밀리그램,30,000000000,
에나폰정5밀리그램,200,657202640,
에자틴정,30,652604780,
디스토시드정군납명:프라지콴텔정,8,648500340,
네오마릴엠정1/250밀리그램,30,643306120,
덴티나인캡슐,120,000000000,
신신파스아렉스,6,000000000,
유유알로푸리놀정,180,644500910,
반질크림,1,000000000,
이노엔치옥트산에이치알정600밀리그램,100,640005800,
아미노포르테정,120,000000000,
둘코락스에스장용정,20,000000000,
둘코락스에스장용정,40,000000000,
목앤스프레이,1,000000000,
큐립연고,1,000000000,
세트락살플러스점이액,1,641807400,
제일쿨파프,6,000000000,
바라클정0.5밀리그램,30,642506900,
치옥트에이치알정,30,656001460,
현대테놀민정25밀리그람,30,642001350,
한신스토반엑스과립,120,000000000,
환인히단토인정,300,657201120,
원알파정,30,655401180,
하드칼츄어블정,30,642202380,
무코스타서방정150밀리그램,30,649900530,
메카인정,2,000000000,
일양피나스테리드정,30,641701980,
클리어틴외용액2%,1,000000000,
용표안신액,1,000000000,
비코그린에스플러스정,20,000000000,
광동쌍화탕,1,000000000,
광동원탕,1,000000000,
용각산쿨과립,18,000000000,
용각산쿨과립,50,000000000,
프렌즈아이드롭아이스점안액,1,000000000,
오팍신점안액,1,657307571,
참훌루오로메토론0.1%점안액,1,649503921,
마그온플러스연질캡슐,10,000000000,
모비졸로정2밀리그램,30,659901450,
그린포비돈요오드액,1,000000000,
한신감코날엑스과립,120,000000000,
한신은교산엑스과립,120,000000000,
한솔소체환,120,000000000,
베이드크림,1,657301893,
엘라원정,1,000000000,
조스정1밀리그램,30,651904900,
한신향사육군자탕엑스과립,1,000000000,
한풍올가에스과립,6,000000000,
녹더나설하정25마이크로그램,30,652500410,
경방가미소요산엑스과립,1,000000000,
어린이부루펜시럽,1,643900911,
어린이타이레놀현탁액,1,000000000,
경진소경활혈탕엑스과립,10,000000000,
스타빅현탁액,20,641607171,
센실라정,60,000000000,
레드리버연질캡슐,0,000000000,
투엑스비골드100정,0,000000000,
안티푸라민조인트플라스타,10,000000000,
안티푸라민더블파워카타플라스마,7,000000000,
리세드린플러스정,4,652903880,
네렉손서방정,30,671805870,
자하골드액,60,000000000,
이치논크림,1,000000000,
인펙신캡슐,10,000000000,
이덴큐캡슐,10,000000000,
로프민캡슐,10,649400510,
펜싹프레쉬연질캡슐,10,000000000,
아기오과립,100,642201371,
경방방풍통성산엑스과립,1,000000000,
한신승감탕액,10,000000000,
한신주증황련환,120,000000000,
한신당귀수산엑스과립,120,000000000,
바로스콘더블액션현탁액,20,000000000,
바로스콘더블액션현탁액,5,000000000,
치센캡슐,60,000000000,
트라스트패취,7,644702220,
트라스트패취,10,644702220,
엔커버액,1,644912235,
케펨플라스타,40,000000000,
맥스콘드로이틴1200경구용겔,30,000000000,
프렌즈아이엔젤마일드점안액,30,000000000,
판피린나이트액,5,000000000,
멜라토닝크림,1,000000000,
콜대원키즈이부펜시럽,10,000000000,
콜대원키즈펜시럽,10,000000000,
사포그렌서방정300mg,30,657307670,
무조날쿨크림,1,000000000,
무조날크림,1,643501052,
시스타정40밀리그램,100,641902730,
동화알보칠액,1,000000000,
크로세린캡슐250밀리그램,30,642503410,
경방보중익기탕엑스과립,1,000000000,
팔선환,60,000000000,
셀트리온아세클로페낙정,30,693900040,
가벨린정50밀리그램,30,643903720,
신신아렉스로션,1,000000000,
리렉스담정,10,000000000,
경방마자인환,90,000000000,
크리멘정,21,641106220,
프레드포르테점안액,1,624900441,
마운자로프리필드펜주5밀리그램/0.5밀리리터,4,000000000,
센스온스피드더블액션액,30,000000000,
헤어그로정1밀리그램,90,000000000,
리버쿨환,120,000000000,
트로겐연조엑스,6,000000000,
자리투엑스과립,120,000000000,
반후과립,120,000000000,
메모엠연질캡슐,90,622804550,
취어스액,1,000000000,
아미노리버현탁액,30,000000000,
헤파토스시럽,10,000000000,
리쥬비넥스크림,1,000000000,
바이엘아스피린정500밀리그람,20,641100070,
제로미아액,1,000000000,
천심액,5,000000000,
한신공진단,10,000000000,
유한미녹펜겔5%,1,000000000,
벤클렉스타정100밀리그램,14,624900330,
오큐호마핀점안액,1,643901251,
명문아트로다캡슐,100,649801240,
엘보스캡슐,10,644004290,
오로살탄정5/80밀리그램,30,642506990,
유리토스정,60,668901560,
기넥신에프정40밀리그램,300,644700130,
보나링츄어블정,4,000000000,
후루손점안액,1,649602762,
트라린정50밀리그램,0,651902160,
울트라셋이알세미서방정,0,646902660,
엔시트라세미서방정,0,645305470,
트리헥신정,0,644802680,
큐덱시서방캡슐100밀리그램,0,644704520,
오메라졸캡슐,0,644001370,
투베로정60/10밀리그램,0,641906530,
야스민정,0,000000000,
베스자임정,0,000000000,
유한덱사메타손정,0,000000000,
에나폰정10밀리그램,0,657200500,
글리메릴정,0,656000020,
테프라정40밀리그램,0,655601800,
엑셀론패취15,0,653602450,
세토펜정325밀리그램,0,645700870,
가나칸정50밀리그램,0,644900310,
리록스반정2.5밀리그램,0,643507600,
모사잘정5밀리그램,0,643503470,
사이폴-엔연질캡슐25밀리그램,0,643301110,
가바렙정600밀리그람,0,643300010,
라코르정120/12.5밀리그램,0,642706220,
치옥타시드에이취알정600밀리그램,0,642202020,
로지세프정250밀리그램,0,642100350,
아졸정,10,000000000,
메자반트엑스엘장용정1200밀리그램,60,696300660,
보령토르세미드정5밀리그람,30,641901970,
노비프록스액,1,000000000,
제이부틴더블정,10,000000000,
마이보라정,21,000000000,
유한덱사메타손정,1000,642105040,
애드원정,90,000000000,
